ISO-10303-21;
HEADER;
FILE_DESCRIPTION((''),'2;1');
FILE_NAME('camera_bracket','2026-05-09T11:24:45',('EDY'),(''),
'CREO PARAMETRIC BY PTC INC, 2022073','CREO PARAMETRIC BY PTC INC, 2022073','');
FILE_SCHEMA(('CONFIG_CONTROL_DESIGN'));
ENDSEC;
DATA;
#1=DIRECTION('',(0.E0,-9.999999999965E-1,2.644689504994E-6));
#2=VECTOR('',#1,4.495780753635E0);
#3=CARTESIAN_POINT('',(1.678655996999E1,-1.207810767873E1,-3.614356901693E2));
#4=LINE('',#3,#2);
#5=DIRECTION('',(0.E0,9.999999999965E-1,-2.644689412922E-6));
#6=VECTOR('',#5,4.4E0);
#7=CARTESIAN_POINT('',(1.678655996999E1,-2.097387719240E1,-3.571856666427E2));
#8=LINE('',#7,#6);
#9=DIRECTION('',(0.E0,-4.787638913722E-1,8.779436976926E-1));
#10=VECTOR('',#9,8.E0);
#11=CARTESIAN_POINT('',(1.678655996999E1,-8.260092488974E1,-3.477502248125E2));
#12=LINE('',#11,#10);
#13=DIRECTION('',(0.E0,2.644689415338E-6,9.999999999965E-1));
#14=VECTOR('',#13,3.174804778635E1);
#15=CARTESIAN_POINT('',(1.678655996999E1,-1.397388073114E1,-3.585237280052E2));
#16=LINE('',#15,#14);
#17=DIRECTION('',(0.E0,-2.644689415620E-6,-9.999999999965E-1));
#18=VECTOR('',#17,3.174804778632E1);
#19=CARTESIAN_POINT('',(-1.521344003001E1,-1.397379676737E1,-3.267756802189E2));
#20=LINE('',#19,#18);
#21=CARTESIAN_POINT('',(-1.171344002998E1,-1.397388844034E1,-3.614387162869E2));
#22=DIRECTION('',(-1.084856654968E-12,-9.999999999965E-1,2.644689415410E-6));
#23=DIRECTION('',(1.473763549694E-11,2.644689415432E-6,9.999999999965E-1));
#24=AXIS2_PLACEMENT_3D('',#21,#22,#23);
#26=CARTESIAN_POINT('',(-1.521344003001E1,-1.397388073110E1,-3.585237280051E2));
#27=CARTESIAN_POINT('',(-1.521344003001E1,-1.389568824705E1,-3.585917163362E2));
#28=CARTESIAN_POINT('',(-1.521344003001E1,-1.374731519727E1,-3.587235528586E2));
#29=CARTESIAN_POINT('',(-1.521344003001E1,-1.354952094463E1,-3.589071813546E2));
#30=CARTESIAN_POINT('',(-1.521344003001E1,-1.337228006608E1,-3.590794761990E2));
#31=CARTESIAN_POINT('',(-1.521344003001E1,-1.321332086500E1,-3.592417155998E2));
#32=CARTESIAN_POINT('',(-1.521344003001E1,-1.307047343374E1,-3.593952125924E2));
#33=CARTESIAN_POINT('',(-1.521344003001E1,-1.294197681547E1,-3.595410338134E2));
#34=CARTESIAN_POINT('',(-1.521344003001E1,-1.282632736568E1,-3.596801080518E2));
#35=CARTESIAN_POINT('',(-1.521344003001E1,-1.272225094920E1,-3.598132377456E2));
#36=CARTESIAN_POINT('',(-1.521344003001E1,-1.262866032768E1,-3.599411238445E2));
#37=CARTESIAN_POINT('',(-1.521344003001E1,-1.254462570263E1,-3.600643826990E2));
#38=CARTESIAN_POINT('',(-1.521344003001E1,-1.246935015445E1,-3.601835601760E2));
#39=CARTESIAN_POINT('',(-1.521344003001E1,-1.240214996401E1,-3.602991431462E2));
#40=CARTESIAN_POINT('',(-1.521344003001E1,-1.234243857867E1,-3.604115689451E2));
#41=CARTESIAN_POINT('',(-1.521344003001E1,-1.228971352958E1,-3.605212332340E2));
#42=CARTESIAN_POINT('',(-1.521344003001E1,-1.224354570499E1,-3.606284966099E2));
#43=CARTESIAN_POINT('',(-1.521344003001E1,-1.220357054449E1,-3.607336901967E2));
#44=CARTESIAN_POINT('',(-1.521344003001E1,-1.216948081365E1,-3.608371205039E2));
#45=CARTESIAN_POINT('',(-1.521344003001E1,-1.214102068740E1,-3.609390734174E2));
#46=CARTESIAN_POINT('',(-1.521344003001E1,-1.211798094937E1,-3.610398186236E2));
#47=CARTESIAN_POINT('',(-1.521344003001E1,-1.210019514368E1,-3.611396101244E2));
#48=CARTESIAN_POINT('',(-1.521344003001E1,-1.208753654848E1,-3.612386996517E2));
#49=CARTESIAN_POINT('',(-1.521344003001E1,-1.207991596113E1,-3.613373005482E2));
#50=CARTESIAN_POINT('',(-1.521344003001E1,-1.207815858818E1,-3.614029240070E2));
#51=CARTESIAN_POINT('',(-1.521344003001E1,-1.207810767866E1,-3.614356901693E2));
#53=DIRECTION('',(-3.523968806562E-11,-8.738273015610E-1,-4.862364106550E-1));
#54=VECTOR('',#53,1.257423768233E0);
#55=CARTESIAN_POINT('',(-1.171344002995E1,-1.097389607177E1,-3.643242849640E2));
#56=LINE('',#55,#54);
#57=DIRECTION('',(0.E0,4.787638913722E-1,-8.779436976926E-1));
#58=VECTOR('',#57,8.E0);
#59=CARTESIAN_POINT('',(-1.521344003001E1,-8.643103602068E1,-3.407266752309E2));
#60=LINE('',#59,#58);
#61=DIRECTION('',(0.E0,-9.999999999965E-1,2.644689425841E-6));
#62=VECTOR('',#61,4.4E0);
#63=CARTESIAN_POINT('',(-1.521344003001E1,-1.657387719238E1,-3.571856782794E2));
#64=LINE('',#63,#62);
#65=DIRECTION('',(0.E0,9.999999999965E-1,-2.644689530262E-6));
#66=VECTOR('',#65,4.495780753668E0);
#67=CARTESIAN_POINT('',(-1.521344003001E1,-1.657388843231E1,-3.614356782794E2));
#68=LINE('',#67,#66);
#69=DIRECTION('',(0.E0,9.999999999959E-1,-2.869512796799E-6));
#70=VECTOR('',#69,4.391672726790E1);
#71=CARTESIAN_POINT('',(-1.521344003001E1,-5.789052403510E1,-3.267755541993E2));
#72=LINE('',#71,#70);
#73=DIRECTION('',(1.E0,-1.085187495420E-12,0.E0));
#74=VECTOR('',#73,3.2E1);
#75=CARTESIAN_POINT('',(-1.521344003001E1,-1.397379676737E1,-3.267756802189E2));
#76=LINE('',#75,#74);
#77=DIRECTION('',(0.E0,-9.999999999959E-1,2.869512798093E-6));
#78=VECTOR('',#77,4.391672726790E1);
#79=CARTESIAN_POINT('',(1.678655996999E1,-1.397379676741E1,-3.267756802189E2));
#80=LINE('',#79,#78);
#81=DIRECTION('',(-1.E0,1.085131984269E-12,0.E0));
#82=VECTOR('',#81,3.2E1);
#83=CARTESIAN_POINT('',(1.678655996999E1,-5.789052403513E1,-3.267755541993E2));
#84=LINE('',#83,#82);
#85=CARTESIAN_POINT('',(1.678655996999E1,-5.789055471353E1,-3.383755541993E2));
#86=DIRECTION('',(-1.E0,1.085240112135E-12,0.E0));
#87=DIRECTION('',(-5.209625834172E-13,-4.787638913719E-1,8.779436976927E-1));
#88=AXIS2_PLACEMENT_3D('',#85,#86,#87);
#90=CARTESIAN_POINT('',(-1.521344003001E1,-5.789055471349E1,-3.383755541993E2));
#91=DIRECTION('',(-1.E0,1.085240112135E-12,0.E0));
#92=DIRECTION('',(-5.209625834172E-13,-4.787638913722E-1,8.779436976926E-1));
#93=AXIS2_PLACEMENT_3D('',#90,#91,#92);
#95=CARTESIAN_POINT('',(1.017655996995E1,-6.938136941152E1,-3.314290804605E2));
#96=DIRECTION('',(5.207158494284E-13,4.787638913722E-1,-8.779436976926E-1));
#97=DIRECTION('',(1.E0,-1.091393642128E-12,0.E0));
#98=AXIS2_PLACEMENT_3D('',#95,#96,#97);
#100=CARTESIAN_POINT('',(1.017655996995E1,-6.938136941152E1,-3.314290804605E2));
#101=DIRECTION('',(5.207158494284E-13,4.787638913722E-1,-8.779436976926E-1));
#102=DIRECTION('',(-1.E0,1.080024958355E-12,0.E0));
#103=AXIS2_PLACEMENT_3D('',#100,#101,#102);
#105=CARTESIAN_POINT('',(1.078655996995E1,-8.151455131364E1,-3.380455974393E2));
#106=DIRECTION('',(-5.207158494284E-13,-4.787638913722E-1,8.779436976926E-1));
#107=DIRECTION('',(-1.E0,2.575717417130E-13,-4.618527782441E-13));
#108=AXIS2_PLACEMENT_3D('',#105,#106,#107);
#110=CARTESIAN_POINT('',(1.078655996995E1,-8.151455131364E1,-3.380455974393E2));
#111=DIRECTION('',(-5.207158494284E-13,-4.787638913722E-1,8.779436976926E-1));
#112=DIRECTION('',(1.E0,-2.486899575160E-13,4.618527782441E-13));
#113=AXIS2_PLACEMENT_3D('',#110,#111,#112);
#115=CARTESIAN_POINT('',(-9.213440030048E0,-8.151455131363E1,
-3.380455974393E2));
#116=DIRECTION('',(-5.207158494284E-13,-4.787638913722E-1,8.779436976926E-1));
#117=DIRECTION('',(-1.E0,2.486899575160E-13,-4.618527782441E-13));
#118=AXIS2_PLACEMENT_3D('',#115,#116,#117);
#120=CARTESIAN_POINT('',(-9.213440030048E0,-8.151455131363E1,
-3.380455974393E2));
#121=DIRECTION('',(-5.207158494284E-13,-4.787638913722E-1,8.779436976926E-1));
#122=DIRECTION('',(1.E0,-2.398081733190E-13,4.618527782441E-13));
#123=AXIS2_PLACEMENT_3D('',#120,#121,#122);
#125=CARTESIAN_POINT('',(-8.603440030068E0,-8.590426980207E1,
-3.404394168961E2));
#126=DIRECTION('',(-5.207158494284E-13,-4.787638913722E-1,8.779436976926E-1));
#127=DIRECTION('',(9.695295249566E-1,2.150738086709E-1,1.172849396182E-1));
#128=AXIS2_PLACEMENT_3D('',#125,#126,#127);
#130=CARTESIAN_POINT('',(-1.271344003001E1,-8.643103602068E1,
-3.407266752309E2));
#131=DIRECTION('',(0.E0,-4.787638913722E-1,8.779436976926E-1));
#132=DIRECTION('',(-1.E0,-1.023181539495E-13,-4.547473508865E-14));
#133=AXIS2_PLACEMENT_3D('',#130,#131,#132);
#135=DIRECTION('',(0.E0,-8.779436976926E-1,-4.787638913722E-1));
#136=VECTOR('',#135,2.618256754697E1);
#137=CARTESIAN_POINT('',(-1.521344003001E1,-6.344421585341E1,
-3.281914073060E2));
#138=LINE('',#137,#136);
#139=DIRECTION('',(-1.E0,1.055378007209E-12,-1.598721155460E-14));
#140=VECTOR('',#139,3.2E1);
#141=CARTESIAN_POINT('',(1.678655996999E1,-6.344421585344E1,-3.281914073060E2));
#142=LINE('',#141,#140);
#143=DIRECTION('',(0.E0,-8.779436976926E-1,-4.787638913722E-1));
#144=VECTOR('',#143,2.618256754697E1);
#145=CARTESIAN_POINT('',(1.678655996999E1,-6.344421585344E1,-3.281914073060E2));
#146=LINE('',#145,#144);
#147=CARTESIAN_POINT('',(1.428655996999E1,-8.643103602071E1,-3.407266752309E2));
#148=DIRECTION('',(0.E0,-4.787638913722E-1,8.779436976926E-1));
#149=DIRECTION('',(-8.824940778140E-13,-8.779436976926E-1,-4.787638913722E-1));
#150=AXIS2_PLACEMENT_3D('',#147,#148,#149);
#152=CARTESIAN_POINT('',(3.786559969929E0,-8.818692341609E1,-3.416842030137E2));
#153=DIRECTION('',(-5.207158494284E-13,-4.787638913722E-1,8.779436976926E-1));
#154=DIRECTION('',(-1.E0,1.080024958355E-12,0.E0));
#155=AXIS2_PLACEMENT_3D('',#152,#153,#154);
#157=CARTESIAN_POINT('',(3.786559969930E0,-8.756474695993E1,-3.413449151732E2));
#158=DIRECTION('',(-5.207158494284E-13,-4.787638913722E-1,8.779436976926E-1));
#159=DIRECTION('',(-4.581066435657E-1,7.804017296761E-1,4.255719016095E-1));
#160=AXIS2_PLACEMENT_3D('',#157,#158,#159);
#162=DIRECTION('',(-8.888972399107E-1,-4.021918405894E-1,-2.193249193374E-1));
#163=VECTOR('',#162,1.412065779412E0);
#164=CARTESIAN_POINT('',(4.812688022039E0,-8.660662476024E1,-3.408224280092E2));
#165=LINE('',#164,#163);
#166=CARTESIAN_POINT('',(6.036559969932E0,-8.616765291140E1,-3.405830460635E2));
#167=DIRECTION('',(5.207158494284E-13,4.787638913722E-1,-8.779436976926E-1));
#168=DIRECTION('',(1.E0,-1.051603248925E-12,0.E0));
#169=AXIS2_PLACEMENT_3D('',#166,#167,#168);
#171=CARTESIAN_POINT('',(7.036559969932E0,-8.609424685798E1,-3.405430159706E2));
#172=DIRECTION('',(-5.207158494284E-13,-4.787638913722E-1,8.779436976926E-1));
#173=DIRECTION('',(-6.944394246430E-1,6.317254144134E-1,3.444951179418E-1));
#174=AXIS2_PLACEMENT_3D('',#171,#172,#173);
#176=DIRECTION('',(0.E0,-8.779436976926E-1,-4.787638913722E-1));
#177=VECTOR('',#176,8.993674971002E0);
#178=CARTESIAN_POINT('',(6.842120545289E0,-7.756658118368E1,-3.358926740258E2));
#179=LINE('',#178,#177);
#180=CARTESIAN_POINT('',(7.036559969942E0,-7.693485576927E1,-3.355481789079E2));
#181=DIRECTION('',(-5.207158494284E-13,-4.787638913722E-1,8.779436976926E-1));
#182=DIRECTION('',(-1.E0,1.051603248925E-12,0.E0));
#183=AXIS2_PLACEMENT_3D('',#180,#181,#182);
#185=CARTESIAN_POINT('',(7.036559969942E0,-7.652677715654E1,-3.353256437896E2));
#186=DIRECTION('',(-5.207158494288E-13,-4.787638913722E-1,8.779436976926E-1));
#187=DIRECTION('',(-3.999999999900E-2,8.772410615675E-1,4.783807269320E-1));
#188=AXIS2_PLACEMENT_3D('',#185,#186,#187);
#190=CARTESIAN_POINT('',(6.976559969943E0,-7.521091556419E1,-3.346080726992E2));
#191=DIRECTION('',(5.207158494288E-13,4.787638913722E-1,-8.779436976926E-1));
#192=DIRECTION('',(4.000000000095E-2,8.772410615674E-1,4.783807269320E-1));
#193=AXIS2_PLACEMENT_3D('',#190,#191,#192);
#195=CARTESIAN_POINT('',(7.036559969945E0,-7.389505397184E1,-3.338905016088E2));
#196=DIRECTION('',(-5.207158494288E-13,-4.787638913722E-1,8.779436976926E-1));
#197=DIRECTION('',(-1.E0,1.080024958355E-12,0.E0));
#198=AXIS2_PLACEMENT_3D('',#195,#196,#197);
#200=CARTESIAN_POINT('',(6.036559969946E0,-7.245417235344E1,-3.331047540803E2));
#201=DIRECTION('',(5.207158494284E-13,4.787638913722E-1,-8.779436976926E-1));
#202=DIRECTION('',(9.521272659185E-13,8.779436976926E-1,4.787638913722E-1));
#203=AXIS2_PLACEMENT_3D('',#200,#201,#202);
#205=CARTESIAN_POINT('',(-4.463440030054E0,-7.245417235343E1,
-3.331047540803E2));
#206=DIRECTION('',(5.207158494284E-13,4.787638913722E-1,-8.779436976926E-1));
#207=DIRECTION('',(-1.E0,1.080024958355E-12,0.E0));
#208=AXIS2_PLACEMENT_3D('',#205,#206,#207);
#210=CARTESIAN_POINT('',(-5.463440030054E0,-7.328721328900E1,
-3.335590314116E2));
#211=DIRECTION('',(5.207158494288E-13,4.787638913722E-1,-8.779436976926E-1));
#212=DIRECTION('',(1.E0,-1.080024958355E-12,0.E0));
#213=AXIS2_PLACEMENT_3D('',#210,#211,#212);
#215=CARTESIAN_POINT('',(-5.623440030056E0,-7.455245779091E1,
-3.342489997807E2));
#216=DIRECTION('',(5.207158494288E-13,4.787638913722E-1,-8.779436976926E-1));
#217=DIRECTION('',(9.498834467530E-13,8.779436976926E-1,4.787638913721E-1));
#218=AXIS2_PLACEMENT_3D('',#215,#216,#217);
#220=CARTESIAN_POINT('',(-5.623440030056E0,-7.455245779091E1,
-3.342489997807E2));
#221=DIRECTION('',(5.207158494288E-13,4.787638913722E-1,-8.779436976926E-1));
#222=DIRECTION('',(-1.E0,1.002239227283E-12,-5.983517774822E-14));
#223=AXIS2_PLACEMENT_3D('',#220,#221,#222);
#225=CARTESIAN_POINT('',(-5.623440030057E0,-7.586937333745E1,
-3.349671456177E2));
#226=DIRECTION('',(-5.207158494288E-13,-4.787638913722E-1,8.779436976926E-1));
#227=DIRECTION('',(-1.E0,1.166785966090E-12,5.983517774822E-14));
#228=AXIS2_PLACEMENT_3D('',#225,#226,#227);
#230=CARTESIAN_POINT('',(-5.463440030059E0,-7.713461783936E1,
-3.356571139868E2));
#231=DIRECTION('',(-5.207158494288E-13,-4.787638913722E-1,8.779436976926E-1));
#232=DIRECTION('',(9.556799795973E-13,8.779436976926E-1,4.787638913722E-1));
#233=AXIS2_PLACEMENT_3D('',#230,#231,#232);
#235=CARTESIAN_POINT('',(-5.463440030059E0,-7.713461783936E1,
-3.356571139868E2));
#236=DIRECTION('',(-5.207158494288E-13,-4.787638913722E-1,8.779436976926E-1));
#237=DIRECTION('',(9.737701288915E-1,1.997620701003E-1,1.089350789597E-1));
#238=AXIS2_PLACEMENT_3D('',#235,#236,#237);
#240=CARTESIAN_POINT('',(-5.463440030058E0,-7.693485576926E1,
-3.355481789079E2));
#241=DIRECTION('',(-5.207158494284E-13,-4.787638913722E-1,8.779436976926E-1));
#242=DIRECTION('',(6.944394246734E-1,-6.317254143877E-1,-3.444951179278E-1));
#243=AXIS2_PLACEMENT_3D('',#240,#241,#242);
#245=DIRECTION('',(0.E0,8.779436976926E-1,4.787638913722E-1));
#246=VECTOR('',#245,8.993674971062E0);
#247=CARTESIAN_POINT('',(-5.269000605385E0,-8.546252144359E1,
-3.401985208527E2));
#248=LINE('',#247,#246);
#249=CARTESIAN_POINT('',(-5.463440030068E0,-8.609424685797E1,
-3.405430159706E2));
#250=DIRECTION('',(-5.207158494284E-13,-4.787638913722E-1,8.779436976926E-1));
#251=DIRECTION('',(1.E0,-1.051603248925E-12,0.E0));
#252=AXIS2_PLACEMENT_3D('',#249,#250,#251);
#254=CARTESIAN_POINT('',(-4.463440030068E0,-8.616765291139E1,
-3.405830460635E2));
#255=DIRECTION('',(5.207158494284E-13,4.787638913722E-1,-8.779436976926E-1));
#256=DIRECTION('',(-9.539036227579E-13,-8.779436976926E-1,-4.787638913722E-1));
#257=AXIS2_PLACEMENT_3D('',#254,#255,#256);
#259=DIRECTION('',(-8.888972399099E-1,4.021918405914E-1,2.193249193374E-1));
#260=VECTOR('',#259,1.412065779412E0);
#261=CARTESIAN_POINT('',(-1.984386708286E0,-8.717454609509E1,
-3.411321292224E2));
#262=LINE('',#261,#260);
#263=CARTESIAN_POINT('',(-2.213440030070E0,-8.756474695993E1,
-3.413449151732E2));
#264=DIRECTION('',(-5.207158494284E-13,-4.787638913722E-1,8.779436976926E-1));
#265=DIRECTION('',(1.E0,-1.080024958355E-12,0.E0));
#266=AXIS2_PLACEMENT_3D('',#263,#264,#265);
#268=CARTESIAN_POINT('',(-2.213440030071E0,-8.818692341608E1,
-3.416842030137E2));
#269=DIRECTION('',(-5.207158494284E-13,-4.787638913722E-1,8.779436976926E-1));
#270=DIRECTION('',(-9.539036227579E-13,-8.779436976926E-1,-4.787638913722E-1));
#271=AXIS2_PLACEMENT_3D('',#268,#269,#270);
#273=DIRECTION('',(5.206563149966E-13,4.787638913722E-1,-8.779436976926E-1));
#274=VECTOR('',#273,2.9E0);
#275=CARTESIAN_POINT('',(1.267655996995E1,-6.938136941152E1,-3.314290804605E2));
#276=LINE('',#275,#274);
#277=DIRECTION('',(5.212688518378E-13,4.787638913722E-1,-8.779436976926E-1));
#278=VECTOR('',#277,2.9E0);
#279=CARTESIAN_POINT('',(7.676559969950E0,-6.938136941152E1,-3.314290804605E2));
#280=LINE('',#279,#278);
#281=CARTESIAN_POINT('',(1.017655996995E1,-6.799295412654E1,-3.339751171838E2));
#282=DIRECTION('',(-5.207158494284E-13,-4.787638913722E-1,8.779436976926E-1));
#283=DIRECTION('',(-1.E0,1.080024958355E-12,0.E0));
#284=AXIS2_PLACEMENT_3D('',#281,#282,#283);
#286=CARTESIAN_POINT('',(1.017655996995E1,-6.799295412654E1,-3.339751171838E2));
#287=DIRECTION('',(-5.207158494284E-13,-4.787638913722E-1,8.779436976926E-1));
#288=DIRECTION('',(1.E0,-1.097077984014E-12,0.E0));
#289=AXIS2_PLACEMENT_3D('',#286,#287,#288);
#291=CARTESIAN_POINT('',(1.017655996995E1,-6.799295412654E1,-3.339751171838E2));
#292=DIRECTION('',(5.207158494284E-13,4.787638913722E-1,-8.779436976926E-1));
#293=DIRECTION('',(1.E0,-1.107466608840E-12,0.E0));
#294=AXIS2_PLACEMENT_3D('',#291,#292,#293);
#296=CARTESIAN_POINT('',(1.017655996995E1,-6.799295412654E1,-3.339751171838E2));
#297=DIRECTION('',(5.207158494284E-13,4.787638913722E-1,-8.779436976926E-1));
#298=DIRECTION('',(-1.E0,1.068264251005E-12,0.E0));
#299=AXIS2_PLACEMENT_3D('',#296,#297,#298);
#301=DIRECTION('',(5.200197571029E-13,4.787638913722E-1,-8.779436976926E-1));
#302=VECTOR('',#301,5.1E0);
#303=CARTESIAN_POINT('',(1.162655996995E1,-6.799295412654E1,-3.339751171838E2));
#304=LINE('',#303,#302);
#305=DIRECTION('',(5.214129781534E-13,4.787638913722E-1,-8.779436976926E-1));
#306=VECTOR('',#305,5.1E0);
#307=CARTESIAN_POINT('',(8.726559969951E0,-6.799295412654E1,-3.339751171838E2));
#308=LINE('',#307,#306);
#309=CARTESIAN_POINT('',(1.017655996995E1,-6.555125828054E1,-3.384526300420E2));
#310=DIRECTION('',(-5.207158494284E-13,-4.787638913722E-1,8.779436976926E-1));
#311=DIRECTION('',(-1.E0,1.048663072087E-12,-3.920235783504E-14));
#312=AXIS2_PLACEMENT_3D('',#309,#310,#311);
#314=CARTESIAN_POINT('',(1.017655996995E1,-6.555125828054E1,-3.384526300420E2));
#315=DIRECTION('',(5.207158494284E-13,4.787638913722E-1,-8.779436976926E-1));
#316=DIRECTION('',(-1.E0,1.048663072087E-12,-3.920235783504E-14));
#317=AXIS2_PLACEMENT_3D('',#314,#315,#316);
#319=CARTESIAN_POINT('',(-1.271344003001E1,-8.260092488971E1,
-3.477502248125E2));
#320=DIRECTION('',(0.E0,4.787638913722E-1,-8.779436976926E-1));
#321=DIRECTION('',(-1.067945731847E-12,-8.779436976926E-1,-4.787638913722E-1));
#322=AXIS2_PLACEMENT_3D('',#319,#320,#321);
#324=CARTESIAN_POINT('',(-2.213440030066E0,-8.435681228510E1,
-3.487077525952E2));
#325=DIRECTION('',(5.207158494284E-13,4.787638913722E-1,-8.779436976926E-1));
#326=DIRECTION('',(1.E0,-1.136868377216E-12,0.E0));
#327=AXIS2_PLACEMENT_3D('',#324,#325,#326);
#329=DIRECTION('',(-9.525042053607E-13,-8.779436976926E-1,-4.787638913721E-1));
#330=VECTOR('',#329,7.086746653433E-1);
#331=CARTESIAN_POINT('',(-1.713440030066E0,-8.373463582895E1,
-3.483684647547E2));
#332=LINE('',#331,#330);
#333=CARTESIAN_POINT('',(-2.213440030066E0,-8.373463582895E1,
-3.483684647547E2));
#334=DIRECTION('',(5.207158494284E-13,4.787638913722E-1,-8.779436976926E-1));
#335=DIRECTION('',(4.581066435675E-1,7.804017296751E-1,4.255719016094E-1));
#336=AXIS2_PLACEMENT_3D('',#333,#334,#335);
#338=DIRECTION('',(8.888972399099E-1,-4.021918405914E-1,-2.193249193374E-1));
#339=VECTOR('',#338,1.412065779412E0);
#340=CARTESIAN_POINT('',(-3.239568082172E0,-8.277651362926E1,
-3.478459775908E2));
#341=LINE('',#340,#339);
#342=DIRECTION('',(1.E0,-1.091470676756E-12,0.E0));
#343=VECTOR('',#342,1.223871947892E0);
#344=CARTESIAN_POINT('',(-4.463440030065E0,-8.277651362925E1,
-3.478459775908E2));
#345=LINE('',#344,#343);
#346=CARTESIAN_POINT('',(-4.463440030064E0,-8.233754178041E1,
-3.476065956451E2));
#347=DIRECTION('',(-5.207158494284E-13,-4.787638913722E-1,8.779436976926E-1));
#348=DIRECTION('',(-1.E0,1.051603248925E-12,0.E0));
#349=AXIS2_PLACEMENT_3D('',#346,#347,#348);
#351=DIRECTION('',(-9.347977946361E-13,-8.779436976926E-1,-4.787638913722E-1));
#352=VECTOR('',#351,8.361134502253E-2);
#353=CARTESIAN_POINT('',(-4.963440030064E0,-8.226413572699E1,
-3.475665655522E2));
#354=LINE('',#353,#352);
#355=CARTESIAN_POINT('',(-5.463440030064E0,-8.226413572699E1,
-3.475665655522E2));
#356=DIRECTION('',(5.207158494284E-13,4.787638913722E-1,-8.779436976926E-1));
#357=DIRECTION('',(4.581066435674E-1,7.804017296751E-1,4.255719016095E-1));
#358=AXIS2_PLACEMENT_3D('',#355,#356,#357);
#360=CARTESIAN_POINT('',(-6.385398369300E0,-8.164944953334E1,
-3.472313623326E2));
#361=DIRECTION('',(5.207193519893E-13,4.787638913722E-1,-8.779436976926E-1));
#362=DIRECTION('',(-8.888972399100E-1,4.021918405911E-1,2.193249193372E-1));
#363=AXIS2_PLACEMENT_3D('',#360,#361,#362);
#365=DIRECTION('',(-4.581066435675E-1,-7.804017296751E-1,-4.255719016094E-1));
#366=VECTOR('',#365,1.446107582641E0);
#367=CARTESIAN_POINT('',(-6.652067541273E0,-8.152879198116E1,
-3.471655648568E2));
#368=LINE('',#367,#366);
#369=CARTESIAN_POINT('',(-8.603440030064E0,-8.207415867110E1,
-3.474629664777E2));
#370=DIRECTION('',(5.207158494284E-13,4.787638913722E-1,-8.779436976926E-1));
#371=DIRECTION('',(8.888972399101E-1,-4.021918405910E-1,-2.193249193372E-1));
#372=AXIS2_PLACEMENT_3D('',#369,#370,#371);
#374=DIRECTION('',(4.581066435674E-1,7.804017296751E-1,4.255719016094E-1));
#375=VECTOR('',#374,1.446410668424E0);
#376=CARTESIAN_POINT('',(-9.892341027933E0,-8.149098050224E1,
-3.471449453446E2));
#377=LINE('',#376,#375);
#378=CARTESIAN_POINT('',(-9.496399863375E0,-8.024154156260E1,
-3.464635961301E2));
#379=DIRECTION('',(5.207170578794E-13,4.787638913722E-1,-8.779436976926E-1));
#380=DIRECTION('',(4.701116658065E-1,7.748792060515E-1,4.225603361671E-1));
#381=AXIS2_PLACEMENT_3D('',#378,#379,#380);
#383=DIRECTION('',(-8.888972399107E-1,-4.021918405894E-1,-2.193249193374E-1));
#384=VECTOR('',#383,4.595541987562E0);
#385=CARTESIAN_POINT('',(-5.234386708271E0,-7.349494550312E1,
-3.427845144402E2));
#386=LINE('',#385,#384);
#387=CARTESIAN_POINT('',(-5.463440030054E0,-7.310474463828E1,
-3.425717284894E2));
#388=DIRECTION('',(5.207158494284E-13,4.787638913722E-1,-8.779436976926E-1));
#389=DIRECTION('',(9.737701288910E-1,-1.997620701024E-1,-1.089350789597E-1));
#390=AXIS2_PLACEMENT_3D('',#387,#388,#389);
#392=CARTESIAN_POINT('',(-5.463440030055E0,-7.330450670838E1,
-3.426806635684E2));
#393=DIRECTION('',(5.207158494288E-13,4.787638913722E-1,-8.779436976926E-1));
#394=DIRECTION('',(9.521272659185E-13,8.779436976926E-1,4.787638913722E-1));
#395=AXIS2_PLACEMENT_3D('',#392,#393,#394);
#397=CARTESIAN_POINT('',(-5.463440030055E0,-7.330450670838E1,
-3.426806635684E2));
#398=DIRECTION('',(5.207158494288E-13,4.787638913722E-1,-8.779436976926E-1));
#399=DIRECTION('',(-1.103448275853E-1,8.725824151120E-1,4.758402545629E-1));
#400=AXIS2_PLACEMENT_3D('',#397,#398,#399);
#402=CARTESIAN_POINT('',(-5.623440030053E0,-7.203926220647E1,
-3.419906951993E2));
#403=DIRECTION('',(5.207158494288E-13,4.787638913722E-1,-8.779436976926E-1));
#404=DIRECTION('',(1.103448275853E-1,-8.725824151120E-1,-4.758402545628E-1));
#405=AXIS2_PLACEMENT_3D('',#402,#403,#404);
#407=DIRECTION('',(-9.491666711863E-13,-8.779436976926E-1,-4.787638913721E-1));
#408=VECTOR('',#407,1.5E0);
#409=CARTESIAN_POINT('',(-6.573440030052E0,-7.072234665993E1,
-3.412725493622E2));
#410=LINE('',#409,#408);
#411=CARTESIAN_POINT('',(-5.623440030052E0,-7.072234665993E1,
-3.412725493622E2));
#412=DIRECTION('',(-5.207158494288E-13,-4.787638913722E-1,8.779436976926E-1));
#413=DIRECTION('',(9.517532960576E-13,8.779436976926E-1,4.787638913721E-1));
#414=AXIS2_PLACEMENT_3D('',#411,#412,#413);
#416=CARTESIAN_POINT('',(-5.623440030052E0,-7.072234665993E1,
-3.412725493622E2));
#417=DIRECTION('',(-5.207158494288E-13,-4.787638913722E-1,8.779436976926E-1));
#418=DIRECTION('',(1.103448275872E-1,8.725824151118E-1,4.758402545628E-1));
#419=AXIS2_PLACEMENT_3D('',#416,#417,#418);
#421=CARTESIAN_POINT('',(-5.463440030050E0,-6.945710215802E1,
-3.405825809931E2));
#422=DIRECTION('',(5.207158494288E-13,4.787638913722E-1,-8.779436976926E-1));
#423=DIRECTION('',(1.E0,-1.136868377216E-12,0.E0));
#424=AXIS2_PLACEMENT_3D('',#421,#422,#423);
#426=DIRECTION('',(-9.519661196947E-13,-8.779436976926E-1,-4.787638913721E-1));
#427=VECTOR('',#426,9.488546221841E-1);
#428=CARTESIAN_POINT('',(-4.963440030049E0,-6.862406122245E1,
-3.401283036618E2));
#429=LINE('',#428,#427);
#430=CARTESIAN_POINT('',(-4.463440030049E0,-6.862406122245E1,
-3.401283036618E2));
#431=DIRECTION('',(-5.207158494284E-13,-4.787638913722E-1,8.779436976926E-1));
#432=DIRECTION('',(9.539036227579E-13,8.779436976926E-1,4.787638913722E-1));
#433=AXIS2_PLACEMENT_3D('',#430,#431,#432);
#435=DIRECTION('',(-1.E0,1.082731787825E-12,0.E0));
#436=VECTOR('',#435,1.05E1);
#437=CARTESIAN_POINT('',(6.036559969951E0,-6.818508937361E1,-3.398889217161E2));
#438=LINE('',#437,#436);
#439=CARTESIAN_POINT('',(6.036559969951E0,-6.862406122246E1,-3.401283036618E2));
#440=DIRECTION('',(-5.207158494284E-13,-4.787638913722E-1,8.779436976926E-1));
#441=DIRECTION('',(1.E0,-1.108446667786E-12,0.E0));
#442=AXIS2_PLACEMENT_3D('',#439,#440,#441);
#444=DIRECTION('',(9.513875242512E-13,8.779436976926E-1,4.787638913722E-1));
#445=VECTOR('',#444,1.641200480384E0);
#446=CARTESIAN_POINT('',(6.536559969949E0,-7.006494284086E1,-3.409140511903E2));
#447=LINE('',#446,#445);
#448=CARTESIAN_POINT('',(7.036559969949E0,-7.006494284087E1,-3.409140511903E2));
#449=DIRECTION('',(5.207158494288E-13,4.787638913722E-1,-8.779436976926E-1));
#450=DIRECTION('',(-4.000000000095E-2,-8.772410615674E-1,-4.783807269320E-1));
#451=AXIS2_PLACEMENT_3D('',#448,#449,#450);
#453=CARTESIAN_POINT('',(6.976559969948E0,-7.138080443322E1,-3.416316222807E2));
#454=DIRECTION('',(-5.207158494288E-13,-4.787638913722E-1,8.779436976926E-1));
#455=DIRECTION('',(3.999999999907E-2,-8.772410615675E-1,-4.783807269320E-1));
#456=AXIS2_PLACEMENT_3D('',#453,#454,#455);
#458=CARTESIAN_POINT('',(7.036559969946E0,-7.269666602557E1,-3.423491933711E2));
#459=DIRECTION('',(5.207158494288E-13,4.787638913722E-1,-8.779436976926E-1));
#460=DIRECTION('',(-1.E0,1.136868377216E-12,0.E0));
#461=AXIS2_PLACEMENT_3D('',#458,#459,#460);
#463=DIRECTION('',(9.496846905829E-13,8.779436976926E-1,4.787638913722E-1));
#464=VECTOR('',#463,4.648118254070E-1);
#465=CARTESIAN_POINT('',(6.536559969946E0,-7.310474463830E1,-3.425717284894E2));
#466=LINE('',#465,#464);
#467=CARTESIAN_POINT('',(7.036559969946E0,-7.310474463830E1,-3.425717284894E2));
#468=DIRECTION('',(5.207158494284E-13,4.787638913722E-1,-8.779436976926E-1));
#469=DIRECTION('',(-4.581066435674E-1,-7.804017296751E-1,-4.255719016095E-1));
#470=AXIS2_PLACEMENT_3D('',#467,#468,#469);
#472=DIRECTION('',(-8.888972399099E-1,4.021918405914E-1,2.193249193374E-1));
#473=VECTOR('',#472,4.595541987562E0);
#474=CARTESIAN_POINT('',(1.089247123680E1,-7.534323499363E1,-3.437924313160E2));
#475=LINE('',#474,#473);
#476=CARTESIAN_POINT('',(9.518151306093E0,-7.768444018265E1,-3.450691470208E2));
#477=DIRECTION('',(5.207158494284E-13,4.787638913722E-1,-8.779436976926E-1));
#478=DIRECTION('',(4.581066435674E-1,7.804017296751E-1,4.255719016094E-1));
#479=AXIS2_PLACEMENT_3D('',#476,#477,#478);
#481=DIRECTION('',(8.888972399107E-1,4.021918405894E-1,2.193249193374E-1));
#482=VECTOR('',#481,4.595541987562E0);
#483=CARTESIAN_POINT('',(6.807506648153E0,-8.187393486216E1,-3.473537796014E2));
#484=LINE('',#483,#482);
#485=CARTESIAN_POINT('',(7.036559969936E0,-8.226413572700E1,-3.475665655522E2));
#486=DIRECTION('',(5.207158494284E-13,4.787638913722E-1,-8.779436976926E-1));
#487=DIRECTION('',(-1.E0,1.051603248925E-12,0.E0));
#488=AXIS2_PLACEMENT_3D('',#485,#486,#487);
#490=DIRECTION('',(9.560431990590E-13,8.779436976924E-1,4.787638913726E-1));
#491=VECTOR('',#490,8.361134502258E-2);
#492=CARTESIAN_POINT('',(6.536559969936E0,-8.233754178042E1,-3.476065956451E2));
#493=LINE('',#492,#491);
#494=CARTESIAN_POINT('',(6.036559969936E0,-8.233754178042E1,-3.476065956451E2));
#495=DIRECTION('',(-5.207158494284E-13,-4.787638913722E-1,8.779436976926E-1));
#496=DIRECTION('',(-9.503509090791E-13,-8.779436976926E-1,-4.787638913722E-1));
#497=AXIS2_PLACEMENT_3D('',#494,#495,#496);
#499=DIRECTION('',(1.E0,-1.091470676756E-12,0.E0));
#500=VECTOR('',#499,1.223871947892E0);
#501=CARTESIAN_POINT('',(4.812688022043E0,-8.277651362926E1,-3.478459775908E2));
#502=LINE('',#501,#500);
#503=DIRECTION('',(8.888972399108E-1,4.021918405894E-1,2.193249193373E-1));
#504=VECTOR('',#503,1.412065779412E0);
#505=CARTESIAN_POINT('',(3.557506648151E0,-8.334443496412E1,-3.481556788039E2));
#506=LINE('',#505,#504);
#507=CARTESIAN_POINT('',(3.786559969934E0,-8.373463582896E1,-3.483684647547E2));
#508=DIRECTION('',(5.207158494284E-13,4.787638913722E-1,-8.779436976926E-1));
#509=DIRECTION('',(-1.E0,1.108446667786E-12,0.E0));
#510=AXIS2_PLACEMENT_3D('',#507,#508,#509);
#512=DIRECTION('',(9.518775578572E-13,8.779436976926E-1,4.787638913721E-1));
#513=VECTOR('',#512,7.086746653433E-1);
#514=CARTESIAN_POINT('',(3.286559969934E0,-8.435681228511E1,-3.487077525952E2));
#515=LINE('',#514,#513);
#516=CARTESIAN_POINT('',(3.786559969934E0,-8.435681228511E1,-3.487077525952E2));
#517=DIRECTION('',(5.207158494284E-13,4.787638913722E-1,-8.779436976926E-1));
#518=DIRECTION('',(-9.530154443382E-13,-8.779436976926E-1,-4.787638913722E-1));
#519=AXIS2_PLACEMENT_3D('',#516,#517,#518);
#521=CARTESIAN_POINT('',(1.428655996999E1,-8.260092488974E1,-3.477502248125E2));
#522=DIRECTION('',(0.E0,4.787638913722E-1,-8.779436976926E-1));
#523=DIRECTION('',(1.E0,0.E0,0.E0));
#524=AXIS2_PLACEMENT_3D('',#521,#522,#523);
#526=DIRECTION('',(0.E0,-8.779436976926E-1,-4.787638913722E-1));
#527=VECTOR('',#526,2.564715641128E1);
#528=CARTESIAN_POINT('',(1.678655996999E1,-6.008416555472E1,-3.354712924064E2));
#529=LINE('',#528,#527);
#530=DIRECTION('',(-1.E0,1.090461054787E-12,0.E0));
#531=VECTOR('',#530,3.2E1);
#532=CARTESIAN_POINT('',(1.678655996999E1,-6.008416555472E1,-3.354712924064E2));
#533=LINE('',#532,#531);
#534=DIRECTION('',(0.E0,-8.779436976926E-1,-4.787638913722E-1));
#535=VECTOR('',#534,2.564715641128E1);
#536=CARTESIAN_POINT('',(-1.521344003001E1,-6.008416555468E1,
-3.354712924064E2));
#537=LINE('',#536,#535);
#538=DIRECTION('',(0.E0,4.787638913722E-1,-8.779436976926E-1));
#539=VECTOR('',#538,8.E0);
#540=CARTESIAN_POINT('',(-1.271344003002E1,-8.862589526492E1,
-3.419235849594E2));
#541=LINE('',#540,#539);
#542=DIRECTION('',(1.E0,-1.086792032035E-12,0.E0));
#543=VECTOR('',#542,1.049999999994E1);
#544=CARTESIAN_POINT('',(-1.271344003002E1,-8.862589526492E1,
-3.419235849594E2));
#545=LINE('',#544,#543);
#546=DIRECTION('',(-1.E0,1.084085202565E-12,0.E0));
#547=VECTOR('',#546,1.049999999995E1);
#548=CARTESIAN_POINT('',(-2.213440030067E0,-8.479578413395E1,
-3.489471345409E2));
#549=LINE('',#548,#547);
#550=DIRECTION('',(5.208611320029E-13,4.787638913722E-1,-8.779436976926E-1));
#551=VECTOR('',#550,8.E0);
#552=CARTESIAN_POINT('',(-2.213440030071E0,-8.862589526493E1,
-3.419235849594E2));
#553=LINE('',#552,#551);
#554=DIRECTION('',(-5.207223541248E-13,-4.787638913722E-1,8.779436976926E-1));
#555=VECTOR('',#554,8.E0);
#556=CARTESIAN_POINT('',(-1.713440030066E0,-8.435681228510E1,
-3.487077525952E2));
#557=LINE('',#556,#555);
#558=DIRECTION('',(-9.518775578572E-13,-8.779436976926E-1,-4.787638913722E-1));
#559=VECTOR('',#558,7.086746653433E-1);
#560=CARTESIAN_POINT('',(-1.713440030070E0,-8.756474695993E1,
-3.413449151732E2));
#561=LINE('',#560,#559);
#562=DIRECTION('',(-5.204725539443E-13,-4.787638913722E-1,8.779436976926E-1));
#563=VECTOR('',#562,8.E0);
#564=CARTESIAN_POINT('',(-1.984386708282E0,-8.334443496411E1,
-3.481556788039E2));
#565=LINE('',#564,#563);
#566=DIRECTION('',(5.207778652760E-13,4.787638913722E-1,-8.779436976926E-1));
#567=VECTOR('',#566,8.E0);
#568=CARTESIAN_POINT('',(-1.713440030070E0,-8.756474695993E1,
-3.413449151732E2));
#569=LINE('',#568,#567);
#570=DIRECTION('',(5.209166431541E-13,4.787638913722E-1,-8.779436976926E-1));
#571=VECTOR('',#570,8.E0);
#572=CARTESIAN_POINT('',(-3.239568082177E0,-8.660662476023E1,
-3.408224280092E2));
#573=LINE('',#572,#571);
#574=DIRECTION('',(1.E0,-1.091470676756E-12,0.E0));
#575=VECTOR('',#574,1.223871947892E0);
#576=CARTESIAN_POINT('',(-4.463440030069E0,-8.660662476023E1,
-3.408224280092E2));
#577=LINE('',#576,#575);
#578=DIRECTION('',(5.209166431541E-13,4.787638913722E-1,-8.779436976926E-1));
#579=VECTOR('',#578,8.E0);
#580=CARTESIAN_POINT('',(-4.463440030069E0,-8.660662476023E1,
-3.408224280092E2));
#581=LINE('',#580,#579);
#582=DIRECTION('',(-5.208056208517E-13,-4.787638913722E-1,8.779436976926E-1));
#583=VECTOR('',#582,8.E0);
#584=CARTESIAN_POINT('',(-4.963440030064E0,-8.233754178041E1,
-3.476065956451E2));
#585=LINE('',#584,#583);
#586=DIRECTION('',(-9.666659012714E-13,-8.779436976926E-1,-4.787638913722E-1));
#587=VECTOR('',#586,8.361134502253E-2);
#588=CARTESIAN_POINT('',(-4.963440030068E0,-8.609424685797E1,
-3.405430159706E2));
#589=LINE('',#588,#587);
#590=DIRECTION('',(5.174527473173E-13,4.787638913722E-1,-8.779436976926E-1));
#591=VECTOR('',#590,5.E0);
#592=CARTESIAN_POINT('',(-5.116220317726E0,-8.577838415078E1,
-3.403707684117E2));
#593=LINE('',#592,#591);
#594=CARTESIAN_POINT('',(-5.463440030066E0,-8.370042740111E1,
-3.449327344591E2));
#595=DIRECTION('',(5.207158494284E-13,4.787638913722E-1,-8.779436976926E-1));
#596=DIRECTION('',(4.581066435724E-1,7.804017296728E-1,4.255719016082E-1));
#597=AXIS2_PLACEMENT_3D('',#594,#595,#596);
#599=DIRECTION('',(-2.457293627837E-13,-4.787638913723E-1,8.779436976925E-1));
#600=VECTOR('',#599,3.E0);
#601=CARTESIAN_POINT('',(-5.234386708281E0,-8.187393486215E1,
-3.473537796014E2));
#602=LINE('',#601,#600);
#603=DIRECTION('',(5.206945985492E-13,4.787638913722E-1,-8.779436976926E-1));
#604=VECTOR('',#603,8.E0);
#605=CARTESIAN_POINT('',(-4.963440030068E0,-8.609424685797E1,
-3.405430159706E2));
#606=LINE('',#605,#604);
#607=CARTESIAN_POINT('',(-4.769000605385E0,-8.546252144359E1,
-3.401985208527E2));
#608=DIRECTION('',(5.207147637695E-13,4.787638913722E-1,-8.779436976926E-1));
#609=DIRECTION('',(-6.944394246836E-1,-6.317254143786E-1,-3.444951179237E-1));
#610=AXIS2_PLACEMENT_3D('',#607,#608,#609);
#612=CARTESIAN_POINT('',(-4.769000605382E0,-8.306870198673E1,
-3.445882393412E2));
#613=DIRECTION('',(-5.207147637695E-13,-4.787638913722E-1,8.779436976926E-1));
#614=DIRECTION('',(-1.E0,-2.842170943040E-14,-5.684341886081E-13));
#615=AXIS2_PLACEMENT_3D('',#612,#613,#614);
#617=DIRECTION('',(5.210054609961E-13,4.787638913721E-1,-8.779436976926E-1));
#618=VECTOR('',#617,5.E0);
#619=CARTESIAN_POINT('',(-5.269000605385E0,-8.546252144359E1,
-3.401985208527E2));
#620=LINE('',#619,#618);
#621=DIRECTION('',(-5.210054609961E-13,-4.787638913722E-1,8.779436976926E-1));
#622=VECTOR('',#621,5.E0);
#623=CARTESIAN_POINT('',(-5.269000605382E0,-7.517276172679E1,
-3.402823925143E2));
#624=LINE('',#623,#622);
#625=CARTESIAN_POINT('',(1.078655996995E1,-7.912073185677E1,-3.424353159277E2));
#626=DIRECTION('',(-5.207158494284E-13,-4.787638913722E-1,8.779436976926E-1));
#627=DIRECTION('',(-1.E0,2.575717417130E-13,-4.618527782441E-13));
#628=AXIS2_PLACEMENT_3D('',#625,#626,#627);
#630=CARTESIAN_POINT('',(1.078655996995E1,-7.912073185677E1,-3.424353159277E2));
#631=DIRECTION('',(-5.207158494284E-13,-4.787638913722E-1,8.779436976926E-1));
#632=DIRECTION('',(1.E0,-2.575717417130E-13,4.618527782441E-13));
#633=AXIS2_PLACEMENT_3D('',#630,#631,#632);
#635=CARTESIAN_POINT('',(-9.213440030045E0,-7.912073185677E1,
-3.424353159277E2));
#636=DIRECTION('',(-5.207158494284E-13,-4.787638913722E-1,8.779436976926E-1));
#637=DIRECTION('',(-1.E0,2.575717417130E-13,-4.618527782441E-13));
#638=AXIS2_PLACEMENT_3D('',#635,#636,#637);
#640=CARTESIAN_POINT('',(-9.213440030045E0,-7.912073185677E1,
-3.424353159277E2));
#641=DIRECTION('',(-5.207158494284E-13,-4.787638913722E-1,8.779436976926E-1));
#642=DIRECTION('',(1.E0,-2.309263891220E-13,4.618527782441E-13));
#643=AXIS2_PLACEMENT_3D('',#640,#641,#642);
#645=DIRECTION('',(-8.888972399099E-1,4.021918405914E-1,2.193249193374E-1));
#646=VECTOR('',#645,4.595541987562E0);
#647=CARTESIAN_POINT('',(1.089247123679E1,-7.677952666774E1,-3.411586002229E2));
#648=LINE('',#647,#646);
#649=DIRECTION('',(0.E0,-8.779436976926E-1,-4.787638913722E-1));
#650=VECTOR('',#649,8.993674971002E0);
#651=CARTESIAN_POINT('',(6.842120545292E0,-7.517276172682E1,-3.402823925143E2));
#652=LINE('',#651,#650);
#653=DIRECTION('',(8.888972399107E-1,4.021918405894E-1,2.193249193374E-1));
#654=VECTOR('',#653,4.595541987563E0);
#655=CARTESIAN_POINT('',(6.807506648151E0,-8.331022653628E1,-3.447199485083E2));
#656=LINE('',#655,#654);
#657=DIRECTION('',(0.E0,8.779436976926E-1,4.787638913722E-1));
#658=VECTOR('',#657,8.993674971062E0);
#659=CARTESIAN_POINT('',(-5.269000605382E0,-8.306870198673E1,
-3.445882393412E2));
#660=LINE('',#659,#658);
#661=DIRECTION('',(-8.888972399107E-1,-4.021918405894E-1,-2.193249193374E-1));
#662=VECTOR('',#661,4.595541987563E0);
#663=CARTESIAN_POINT('',(-5.234386708273E0,-7.493123717724E1,
-3.401506833472E2));
#664=LINE('',#663,#662);
#665=DIRECTION('',(4.581066435674E-1,7.804017296751E-1,4.255719016095E-1));
#666=VECTOR('',#665,1.446410668422E0);
#667=CARTESIAN_POINT('',(-9.892341027934E0,-8.292727217635E1,
-3.445111142515E2));
#668=LINE('',#667,#666);
#669=DIRECTION('',(-4.581066435675E-1,-7.804017296751E-1,-4.255719016094E-1));
#670=VECTOR('',#669,1.446107582642E0);
#671=CARTESIAN_POINT('',(-6.652067541275E0,-8.296508365528E1,
-3.445317337637E2));
#672=LINE('',#671,#670);
#673=DIRECTION('',(8.888972399099E-1,-4.021918405914E-1,-2.193249193374E-1));
#674=VECTOR('',#673,1.140266413758E0);
#675=CARTESIAN_POINT('',(-6.247966376233E0,-8.285162068855E1,
-3.444698596691E2));
#676=LINE('',#675,#674);
#677=DIRECTION('',(5.204725539443E-13,4.787638913722E-1,-8.779436976926E-1));
#678=VECTOR('',#677,5.E0);
#679=CARTESIAN_POINT('',(9.186559969952E0,-8.151455131363E1,-3.380455974393E2));
#680=LINE('',#679,#678);
#681=DIRECTION('',(5.211830966800E-13,4.787638913722E-1,-8.779436976926E-1));
#682=VECTOR('',#681,5.E0);
#683=CARTESIAN_POINT('',(1.238655996995E1,-8.151455131364E1,-3.380455974393E2));
#684=LINE('',#683,#682);
#685=DIRECTION('',(5.211830966800E-13,4.787638913722E-1,-8.779436976926E-1));
#686=VECTOR('',#685,5.E0);
#687=CARTESIAN_POINT('',(-1.081344003005E1,-8.151455131363E1,
-3.380455974393E2));
#688=LINE('',#687,#686);
#689=DIRECTION('',(5.211830966800E-13,4.787638913722E-1,-8.779436976926E-1));
#690=VECTOR('',#689,5.E0);
#691=CARTESIAN_POINT('',(-7.613440030048E0,-8.151455131363E1,
-3.380455974393E2));
#692=LINE('',#691,#690);
#693=DIRECTION('',(-4.304704740813E-13,-4.787638913721E-1,8.779436976926E-1));
#694=VECTOR('',#693,3.E0);
#695=CARTESIAN_POINT('',(1.089247123679E1,-8.002564537168E1,-3.463458627256E2));
#696=LINE('',#695,#694);
#697=DIRECTION('',(4.162596193661E-13,4.787638913722E-1,-8.779436976926E-1));
#698=VECTOR('',#697,3.E0);
#699=CARTESIAN_POINT('',(1.089247123679E1,-7.677952666774E1,-3.411586002229E2));
#700=LINE('',#699,#698);
#701=CARTESIAN_POINT('',(9.518151306092E0,-7.912073185677E1,-3.424353159277E2));
#702=DIRECTION('',(-5.207158494284E-13,-4.787638913722E-1,8.779436976926E-1));
#703=DIRECTION('',(4.581066435660E-1,-7.804017296760E-1,-4.255719016094E-1));
#704=AXIS2_PLACEMENT_3D('',#701,#702,#703);
#706=DIRECTION('',(-5.329070518201E-13,-4.787638913722E-1,8.779436976926E-1));
#707=VECTOR('',#706,5.E0);
#708=CARTESIAN_POINT('',(6.689340257613E0,-8.338456469391E1,-3.447604869001E2));
#709=LINE('',#708,#707);
#710=DIRECTION('',(-5.209166431541E-13,-4.787638913722E-1,8.779436976926E-1));
#711=VECTOR('',#710,8.E0);
#712=CARTESIAN_POINT('',(6.536559969936E0,-8.226413572700E1,-3.475665655522E2));
#713=LINE('',#712,#711);
#714=DIRECTION('',(6.276460832547E-13,4.787638913722E-1,-8.779436976926E-1));
#715=VECTOR('',#714,3.E0);
#716=CARTESIAN_POINT('',(6.807506648151E0,-8.331022653628E1,-3.447199485083E2));
#717=LINE('',#716,#715);
#718=CARTESIAN_POINT('',(7.036559969934E0,-8.370042740112E1,-3.449327344591E2));
#719=DIRECTION('',(-5.207158494284E-13,-4.787638913722E-1,8.779436976926E-1));
#720=DIRECTION('',(-4.581066435676E-1,7.804017296753E-1,4.255719016089E-1));
#721=AXIS2_PLACEMENT_3D('',#718,#719,#720);
#723=CARTESIAN_POINT('',(6.342120545292E0,-8.306870198670E1,-3.445882393411E2));
#724=DIRECTION('',(-5.207147637695E-13,-4.787638913722E-1,8.779436976926E-1));
#725=DIRECTION('',(6.944394246427E-1,-6.317254144136E-1,-3.444951179420E-1));
#726=AXIS2_PLACEMENT_3D('',#723,#724,#725);
#728=CARTESIAN_POINT('',(6.342120545289E0,-8.546252144357E1,-3.401985208527E2));
#729=DIRECTION('',(5.207147637695E-13,4.787638913722E-1,-8.779436976926E-1));
#730=DIRECTION('',(1.E0,-4.831690603169E-13,3.410605131648E-13));
#731=AXIS2_PLACEMENT_3D('',#728,#729,#730);
#733=DIRECTION('',(-5.210054609961E-13,-4.787638913722E-1,8.779436976926E-1));
#734=VECTOR('',#733,5.E0);
#735=CARTESIAN_POINT('',(6.842120545292E0,-8.306870198670E1,-3.445882393411E2));
#736=LINE('',#735,#734);
#737=DIRECTION('',(5.210054609961E-13,4.787638913722E-1,-8.779436976926E-1));
#738=VECTOR('',#737,5.E0);
#739=CARTESIAN_POINT('',(6.842120545289E0,-7.756658118368E1,-3.358926740258E2));
#740=LINE('',#739,#738);
#741=CARTESIAN_POINT('',(6.342120545289E0,-7.756658118368E1,-3.358926740258E2));
#742=DIRECTION('',(5.207159188719E-13,4.787638913722E-1,-8.779436976926E-1));
#743=DIRECTION('',(6.944394246528E-1,6.317254144048E-1,3.444951179379E-1));
#744=AXIS2_PLACEMENT_3D('',#741,#742,#743);
#746=CARTESIAN_POINT('',(6.342120545292E0,-7.517276172682E1,-3.402823925143E2));
#747=DIRECTION('',(-5.207159188719E-13,-4.787638913722E-1,8.779436976926E-1));
#748=DIRECTION('',(1.E0,-2.842170943040E-14,5.684341886081E-13));
#749=AXIS2_PLACEMENT_3D('',#746,#747,#748);
#751=DIRECTION('',(5.121236767991E-13,4.787638913722E-1,-8.779436976926E-1));
#752=VECTOR('',#751,5.E0);
#753=CARTESIAN_POINT('',(6.689340257615E0,-7.725071847648E1,-3.357204264669E2));
#754=LINE('',#753,#752);
#755=CARTESIAN_POINT('',(7.036559969944E0,-7.454103631241E1,-3.399378973963E2));
#756=DIRECTION('',(5.207158494284E-13,4.787638913722E-1,-8.779436976926E-1));
#757=DIRECTION('',(-4.581066435660E-1,-7.804017296758E-1,-4.255719016098E-1));
#758=AXIS2_PLACEMENT_3D('',#755,#756,#757);
#760=DIRECTION('',(-4.369837824924E-13,-4.787638913722E-1,8.779436976926E-1));
#761=VECTOR('',#760,3.E0);
#762=CARTESIAN_POINT('',(6.807506648162E0,-7.349494550313E1,-3.427845144402E2));
#763=LINE('',#762,#761);
#764=DIRECTION('',(5.209166431541E-13,4.787638913722E-1,-8.779436976926E-1));
#765=VECTOR('',#764,8.E0);
#766=CARTESIAN_POINT('',(6.536559969942E0,-7.693485576927E1,-3.355481789079E2));
#767=LINE('',#766,#765);
#768=DIRECTION('',(9.515955249704E-13,8.779436976925E-1,4.787638913723E-1));
#769=VECTOR('',#768,4.648118254070E-1);
#770=CARTESIAN_POINT('',(6.536559969942E0,-7.693485576927E1,-3.355481789079E2));
#771=LINE('',#770,#769);
#772=DIRECTION('',(5.208056208517E-13,4.787638913722E-1,-8.779436976926E-1));
#773=VECTOR('',#772,8.E0);
#774=CARTESIAN_POINT('',(7.016559969942E0,-7.608815662576E1,-3.350864534261E2));
#775=LINE('',#774,#773);
#776=DIRECTION('',(-5.209166431541E-13,-4.787638913722E-1,8.779436976926E-1));
#777=VECTOR('',#776,8.E0);
#778=CARTESIAN_POINT('',(6.536559969946E0,-7.269666602557E1,-3.423491933711E2));
#779=LINE('',#778,#777);
#780=DIRECTION('',(-5.205835762467E-13,-4.787638913722E-1,8.779436976926E-1));
#781=VECTOR('',#780,8.E0);
#782=CARTESIAN_POINT('',(7.016559969949E0,-7.050356337165E1,-3.411532415538E2));
#783=LINE('',#782,#781);
#784=DIRECTION('',(5.208056208517E-13,4.787638913722E-1,-8.779436976926E-1));
#785=VECTOR('',#784,8.E0);
#786=CARTESIAN_POINT('',(6.536559969945E0,-7.389505397184E1,-3.338905016088E2));
#787=LINE('',#786,#785);
#788=DIRECTION('',(9.524698763835E-13,8.779436976926E-1,4.787638913722E-1));
#789=VECTOR('',#788,1.641200480384E0);
#790=CARTESIAN_POINT('',(6.536559969945E0,-7.389505397184E1,-3.338905016088E2));
#791=LINE('',#790,#789);
#792=DIRECTION('',(5.206945985492E-13,4.787638913722E-1,-8.779436976926E-1));
#793=VECTOR('',#792,8.E0);
#794=CARTESIAN_POINT('',(6.036559969947E0,-7.201520050459E1,-3.328653721346E2));
#795=LINE('',#794,#793);
#796=DIRECTION('',(-5.208056208517E-13,-4.787638913722E-1,8.779436976926E-1));
#797=VECTOR('',#796,8.E0);
#798=CARTESIAN_POINT('',(6.536559969951E0,-6.862406122246E1,-3.401283036618E2));
#799=LINE('',#798,#797);
#800=DIRECTION('',(-1.E0,1.084085202560E-12,0.E0));
#801=VECTOR('',#800,1.05E1);
#802=CARTESIAN_POINT('',(6.036559969947E0,-7.201520050459E1,-3.328653721346E2));
#803=LINE('',#802,#801);
#804=DIRECTION('',(5.208056208517E-13,4.787638913722E-1,-8.779436976926E-1));
#805=VECTOR('',#804,8.E0);
#806=CARTESIAN_POINT('',(-4.963440030054E0,-7.245417235343E1,
-3.331047540803E2));
#807=LINE('',#806,#805);
#808=DIRECTION('',(-5.208056208517E-13,-4.787638913722E-1,8.779436976926E-1));
#809=VECTOR('',#808,8.E0);
#810=CARTESIAN_POINT('',(-4.463440030049E0,-6.818508937360E1,
-3.398889217161E2));
#811=LINE('',#810,#809);
#812=DIRECTION('',(-9.510300664797E-13,-8.779436976926E-1,-4.787638913721E-1));
#813=VECTOR('',#812,9.488546221841E-1);
#814=CARTESIAN_POINT('',(-4.963440030054E0,-7.245417235343E1,
-3.331047540803E2));
#815=LINE('',#814,#813);
#816=DIRECTION('',(5.206945985492E-13,4.787638913722E-1,-8.779436976926E-1));
#817=VECTOR('',#816,8.E0);
#818=CARTESIAN_POINT('',(-5.518612443848E0,-7.372350449655E1,
-3.337969515388E2));
#819=LINE('',#818,#817);
#820=DIRECTION('',(-5.208056208517E-13,-4.787638913722E-1,8.779436976926E-1));
#821=VECTOR('',#820,8.E0);
#822=CARTESIAN_POINT('',(-4.963440030050E0,-6.945710215802E1,
-3.405825809931E2));
#823=LINE('',#822,#821);
#824=DIRECTION('',(-5.206945985492E-13,-4.787638913722E-1,8.779436976926E-1));
#825=VECTOR('',#824,8.E0);
#826=CARTESIAN_POINT('',(-5.623440030051E0,-6.988830014713E1,
-3.408177236654E2));
#827=LINE('',#826,#825);
#828=DIRECTION('',(5.204725539443E-13,4.787638913722E-1,-8.779436976926E-1));
#829=VECTOR('',#828,8.E0);
#830=CARTESIAN_POINT('',(-6.573440030056E0,-7.455245779091E1,
-3.342489997807E2));
#831=LINE('',#830,#829);
#832=DIRECTION('',(-9.503509090792E-13,-8.779436976926E-1,-4.787638913722E-1));
#833=VECTOR('',#832,1.5E0);
#834=CARTESIAN_POINT('',(-6.573440030056E0,-7.455245779091E1,
-3.342489997807E2));
#835=LINE('',#834,#833);
#836=DIRECTION('',(-5.209166431541E-13,-4.787638913722E-1,8.779436976926E-1));
#837=VECTOR('',#836,8.E0);
#838=CARTESIAN_POINT('',(-6.573440030053E0,-7.203926220647E1,
-3.419906951993E2));
#839=LINE('',#838,#837);
#840=DIRECTION('',(-5.208056208517E-13,-4.787638913722E-1,8.779436976926E-1));
#841=VECTOR('',#840,8.E0);
#842=CARTESIAN_POINT('',(-5.518612443847E0,-7.286821550083E1,
-3.424427434411E2));
#843=LINE('',#842,#841);
#844=DIRECTION('',(-5.206945985492E-13,-4.787638913722E-1,8.779436976926E-1));
#845=VECTOR('',#844,8.E0);
#846=CARTESIAN_POINT('',(-5.463440030054E0,-7.286553485954E1,
-3.424412816227E2));
#847=LINE('',#846,#845);
#848=DIRECTION('',(5.208056208517E-13,4.787638913722E-1,-8.779436976926E-1));
#849=VECTOR('',#848,8.E0);
#850=CARTESIAN_POINT('',(-4.976554965613E0,-7.703473680431E1,
-3.356026464474E2));
#851=LINE('',#850,#849);
#852=DIRECTION('',(-5.359268584471E-13,-4.787638913722E-1,8.779436976926E-1));
#853=VECTOR('',#852,5.E0);
#854=CARTESIAN_POINT('',(-5.116220317719E0,-7.485689901959E1,
-3.401101449553E2));
#855=LINE('',#854,#853);
#856=DIRECTION('',(5.154395428993E-13,4.787638913721E-1,-8.779436976926E-1));
#857=VECTOR('',#856,3.E0);
#858=CARTESIAN_POINT('',(-5.234386708273E0,-7.493123717724E1,
-3.401506833472E2));
#859=LINE('',#858,#857);
#860=CARTESIAN_POINT('',(-5.463440030056E0,-7.454103631240E1,
-3.399378973963E2));
#861=DIRECTION('',(-5.207158494284E-13,-4.787638913722E-1,8.779436976926E-1));
#862=DIRECTION('',(4.581066435659E-1,-7.804017296760E-1,-4.255719016094E-1));
#863=AXIS2_PLACEMENT_3D('',#860,#861,#862);
#865=CARTESIAN_POINT('',(-4.769000605382E0,-7.517276172679E1,
-3.402823925143E2));
#866=DIRECTION('',(-5.207170578794E-13,-4.787638913722E-1,8.779436976926E-1));
#867=DIRECTION('',(-6.944394246738E-1,6.317254143873E-1,3.444951179276E-1));
#868=AXIS2_PLACEMENT_3D('',#865,#866,#867);
#870=CARTESIAN_POINT('',(-4.769000605385E0,-7.756658118365E1,
-3.358926740258E2));
#871=DIRECTION('',(5.207170578794E-13,4.787638913722E-1,-8.779436976926E-1));
#872=DIRECTION('',(-1.E0,-3.410605131648E-13,-7.958078640513E-13));
#873=AXIS2_PLACEMENT_3D('',#870,#871,#872);
#875=DIRECTION('',(-1.172395514004E-13,4.787638913725E-1,-8.779436976924E-1));
#876=VECTOR('',#875,3.E0);
#877=CARTESIAN_POINT('',(-9.355366363632E0,-8.144536947490E1,
-3.437029969362E2));
#878=LINE('',#877,#876);
#879=CARTESIAN_POINT('',(-7.945031366213E0,-7.912073185675E1,
-3.424353159277E2));
#880=DIRECTION('',(5.207158494284E-13,4.787638913722E-1,-8.779436976926E-1));
#881=DIRECTION('',(-4.701116658050E-1,-7.748792060522E-1,-4.225603361675E-1));
#882=AXIS2_PLACEMENT_3D('',#879,#880,#881);
#884=DIRECTION('',(-7.365959694046E-13,-4.787638913723E-1,8.779436976926E-1));
#885=VECTOR('',#884,3.E0);
#886=CARTESIAN_POINT('',(-9.319351296909E0,-7.534323499360E1,
-3.437924313160E2));
#887=LINE('',#886,#885);
#888=CARTESIAN_POINT('',(-7.945031366212E0,-7.768444018263E1,
-3.450691470208E2));
#889=DIRECTION('',(-5.207158494284E-13,-4.787638913722E-1,8.779436976926E-1));
#890=DIRECTION('',(-4.581066435657E-1,7.804017296761E-1,4.255719016094E-1));
#891=AXIS2_PLACEMENT_3D('',#888,#889,#890);
#893=CARTESIAN_POINT('',(-9.496399863376E0,-8.167783323672E1,
-3.438297650371E2));
#894=DIRECTION('',(-5.207170578794E-13,-4.787638913722E-1,8.779436976926E-1));
#895=DIRECTION('',(8.888972399076E-1,-4.021918405953E-1,-2.193249193395E-1));
#896=AXIS2_PLACEMENT_3D('',#893,#894,#895);
#898=DIRECTION('',(5.814608054303E-13,4.787638913723E-1,-8.779436976926E-1));
#899=VECTOR('',#898,3.E0);
#900=CARTESIAN_POINT('',(-9.229730691403E0,-8.179849078890E1,
-3.438955625129E2));
#901=LINE('',#900,#899);
#902=CARTESIAN_POINT('',(-8.603440030066E0,-8.351045034521E1,
-3.448291353846E2));
#903=DIRECTION('',(-5.207158494284E-13,-4.787638913722E-1,8.779436976926E-1));
#904=DIRECTION('',(1.E0,-3.822229888916E-13,3.920235783504E-13));
#905=AXIS2_PLACEMENT_3D('',#902,#903,#904);
#907=DIRECTION('',(-3.309944910749E-13,-4.787638913719E-1,8.779436976928E-1));
#908=VECTOR('',#907,3.E0);
#909=CARTESIAN_POINT('',(-9.892341027933E0,-8.149098050224E1,
-3.471449453446E2));
#910=LINE('',#909,#908);
#911=DIRECTION('',(-5.675460101884E-13,-4.787638913723E-1,8.779436976926E-1));
#912=VECTOR('',#911,3.E0);
#913=CARTESIAN_POINT('',(-7.314539032195E0,-8.265733683995E1,
-3.477809876107E2));
#914=LINE('',#913,#912);
#915=DIRECTION('',(4.089850151667E-13,4.787638913719E-1,-8.779436976927E-1));
#916=VECTOR('',#915,2.1E0);
#917=CARTESIAN_POINT('',(-7.314539032197E0,-8.509903268595E1,
-3.433034747525E2));
#918=LINE('',#917,#916);
#919=CARTESIAN_POINT('',(-8.603440030067E0,-8.451585451709E1,
-3.429854536194E2));
#920=DIRECTION('',(5.207158494284E-13,4.787638913722E-1,-8.779436976926E-1));
#921=DIRECTION('',(8.888972399103E-1,-4.021918405906E-1,-2.193249193370E-1));
#922=AXIS2_PLACEMENT_3D('',#919,#920,#921);
#924=DIRECTION('',(-4.417207340642E-13,-4.787638913720E-1,8.779436976927E-1));
#925=VECTOR('',#924,3.E0);
#926=CARTESIAN_POINT('',(-6.652067541273E0,-8.152879198116E1,
-3.471655648568E2));
#927=LINE('',#926,#925);
#928=CARTESIAN_POINT('',(-6.385398369302E0,-8.308574120746E1,
-3.445975312395E2));
#929=DIRECTION('',(-5.207193519893E-13,-4.787638913722E-1,8.779436976926E-1));
#930=DIRECTION('',(4.581066435578E-1,7.804017296795E-1,4.255719016118E-1));
#931=AXIS2_PLACEMENT_3D('',#928,#929,#930);
#933=DIRECTION('',(-8.739675649849E-13,-4.787638913720E-1,8.779436976927E-1));
#934=VECTOR('',#933,3.E0);
#935=CARTESIAN_POINT('',(-6.247966376230E0,-8.141532901444E1,
-3.471036907621E2));
#936=LINE('',#935,#934);
#937=DIRECTION('',(8.888972399099E-1,-4.021918405914E-1,-2.193249193374E-1));
#938=VECTOR('',#937,1.140266413756E0);
#939=CARTESIAN_POINT('',(-6.247966376230E0,-8.141532901444E1,
-3.471036907621E2));
#940=LINE('',#939,#938);
#941=CARTESIAN_POINT('',(-8.603440030066E0,-8.351045034521E1,
-3.448291353846E2));
#942=DIRECTION('',(-5.207158494284E-13,-4.787638913722E-1,8.779436976926E-1));
#943=DIRECTION('',(8.888972399097E-1,-4.021918405917E-1,-2.193249193376E-1));
#944=AXIS2_PLACEMENT_3D('',#941,#942,#943);
#946=DIRECTION('',(5.206417307861E-13,4.787638913722E-1,-8.779436976926E-1));
#947=VECTOR('',#946,2.1E0);
#948=CARTESIAN_POINT('',(-7.153440030067E0,-8.451585451709E1,
-3.429854536194E2));
#949=LINE('',#948,#947);
#950=CARTESIAN_POINT('',(-8.603440030067E0,-8.451585451709E1,
-3.429854536194E2));
#951=DIRECTION('',(5.207158494284E-13,4.787638913722E-1,-8.779436976926E-1));
#952=DIRECTION('',(1.E0,-2.940176837628E-13,4.312259361854E-13));
#953=AXIS2_PLACEMENT_3D('',#950,#951,#952);
#955=CARTESIAN_POINT('',(-8.603440030067E0,-8.451585451709E1,
-3.429854536194E2));
#956=DIRECTION('',(-5.207158494284E-13,-4.787638913722E-1,8.779436976926E-1));
#957=DIRECTION('',(9.695295249566E-1,2.150738086707E-1,1.172849396181E-1));
#958=AXIS2_PLACEMENT_3D('',#955,#956,#957);
#960=DIRECTION('',(5.335195886613E-13,4.787638913721E-1,-8.779436976926E-1));
#961=VECTOR('',#960,2.9E0);
#962=CARTESIAN_POINT('',(-6.179616217677E0,-8.536658528040E1,
-3.401462045471E2));
#963=LINE('',#962,#961);
#964=CARTESIAN_POINT('',(-8.603440030068E0,-8.590426980207E1,
-3.404394168961E2));
#965=DIRECTION('',(5.207158494284E-13,4.787638913722E-1,-8.779436976926E-1));
#966=DIRECTION('',(9.695295249566E-1,2.150738086709E-1,1.172849396181E-1));
#967=AXIS2_PLACEMENT_3D('',#964,#965,#966);
#969=DIRECTION('',(-4.367387677560E-13,-4.787638913721E-1,8.779436976926E-1));
#970=VECTOR('',#969,2.9E0);
#971=CARTESIAN_POINT('',(-9.927072908850E0,-8.265386943076E1,
-3.419700682047E2));
#972=LINE('',#971,#970);
#973=CARTESIAN_POINT('',(-8.603440030067E0,-8.451585451709E1,
-3.429854536194E2));
#974=DIRECTION('',(-5.207158494284E-13,-4.787638913722E-1,8.779436976926E-1));
#975=DIRECTION('',(-5.294531515140E-1,7.447940345319E-1,4.061541658994E-1));
#976=AXIS2_PLACEMENT_3D('',#973,#974,#975);
#978=DIRECTION('',(9.666659012706E-13,8.779436976924E-1,4.787638913726E-1));
#979=VECTOR('',#978,8.361134502259E-2);
#980=CARTESIAN_POINT('',(6.536559969932E0,-8.616765291140E1,-3.405830460635E2));
#981=LINE('',#980,#979);
#982=DIRECTION('',(5.208056208517E-13,4.787638913722E-1,-8.779436976926E-1));
#983=VECTOR('',#982,8.E0);
#984=CARTESIAN_POINT('',(6.536559969932E0,-8.616765291140E1,-3.405830460635E2));
#985=LINE('',#984,#983);
#986=DIRECTION('',(-5.208056208517E-13,-4.787638913722E-1,8.779436976926E-1));
#987=VECTOR('',#986,8.E0);
#988=CARTESIAN_POINT('',(6.036559969935E0,-8.277651362927E1,-3.478459775908E2));
#989=LINE('',#988,#987);
#990=DIRECTION('',(1.E0,-1.091470676756E-12,0.E0));
#991=VECTOR('',#990,1.223871947892E0);
#992=CARTESIAN_POINT('',(4.812688022039E0,-8.660662476024E1,-3.408224280092E2));
#993=LINE('',#992,#991);
#994=DIRECTION('',(-5.206945985492E-13,-4.787638913722E-1,8.779436976926E-1));
#995=VECTOR('',#994,8.E0);
#996=CARTESIAN_POINT('',(4.812688022043E0,-8.277651362926E1,-3.478459775908E2));
#997=LINE('',#996,#995);
#998=DIRECTION('',(5.196398866758E-13,4.787638913722E-1,-8.779436976926E-1));
#999=VECTOR('',#998,8.E0);
#1000=CARTESIAN_POINT('',(3.557506648147E0,-8.717454609510E1,
-3.411321292224E2));
#1001=LINE('',#1000,#999);
#1002=DIRECTION('',(-5.206390873980E-13,-4.787638913722E-1,8.779436976926E-1));
#1003=VECTOR('',#1002,8.E0);
#1004=CARTESIAN_POINT('',(3.286559969934E0,-8.373463582896E1,
-3.483684647547E2));
#1005=LINE('',#1004,#1003);
#1006=DIRECTION('',(9.525042053608E-13,8.779436976926E-1,4.787638913721E-1));
#1007=VECTOR('',#1006,7.086746653433E-1);
#1008=CARTESIAN_POINT('',(3.286559969929E0,-8.818692341609E1,
-3.416842030137E2));
#1009=LINE('',#1008,#1007);
#1010=DIRECTION('',(5.207501097004E-13,4.787638913722E-1,-8.779436976926E-1));
#1011=VECTOR('',#1010,8.E0);
#1012=CARTESIAN_POINT('',(3.286559969929E0,-8.818692341609E1,
-3.416842030137E2));
#1013=LINE('',#1012,#1011);
#1014=DIRECTION('',(-5.206945985492E-13,-4.787638913722E-1,8.779436976926E-1));
#1015=VECTOR('',#1014,8.E0);
#1016=CARTESIAN_POINT('',(3.786559969933E0,-8.479578413396E1,
-3.489471345409E2));
#1017=LINE('',#1016,#1015);
#1018=DIRECTION('',(0.E0,-4.787638913722E-1,8.779436976926E-1));
#1019=VECTOR('',#1018,8.E0);
#1020=CARTESIAN_POINT('',(1.428655996998E1,-8.479578413397E1,
-3.489471345409E2));
#1021=LINE('',#1020,#1019);
#1022=DIRECTION('',(-1.E0,1.082731787820E-12,0.E0));
#1023=VECTOR('',#1022,1.050000000005E1);
#1024=CARTESIAN_POINT('',(1.428655996998E1,-8.479578413397E1,
-3.489471345409E2));
#1025=LINE('',#1024,#1023);
#1026=DIRECTION('',(1.E0,-1.085438617289E-12,0.E0));
#1027=VECTOR('',#1026,1.050000000006E1);
#1028=CARTESIAN_POINT('',(3.786559969929E0,-8.862589526493E1,
-3.419235849594E2));
#1029=LINE('',#1028,#1027);
#1030=CARTESIAN_POINT('',(1.678655996999E1,-5.735521137390E1,
-3.404755714832E2));
#1031=DIRECTION('',(-1.E0,1.084526459620E-12,0.E0));
#1032=DIRECTION('',(-5.204413897892E-13,-4.787638913723E-1,8.779436976925E-1));
#1033=AXIS2_PLACEMENT_3D('',#1030,#1031,#1032);
#1035=CARTESIAN_POINT('',(-1.521344003001E1,-5.735521137386E1,
-3.404755714832E2));
#1036=DIRECTION('',(-1.E0,1.084526459620E-12,0.E0));
#1037=DIRECTION('',(-5.204413897892E-13,-4.787638913722E-1,8.779436976926E-1));
#1038=AXIS2_PLACEMENT_3D('',#1035,#1036,#1037);
#1040=DIRECTION('',(0.E0,9.999999999956E-1,-2.959318906623E-6));
#1041=VECTOR('',#1040,3.138137837438E1);
#1042=CARTESIAN_POINT('',(1.678655996999E1,-5.735519629917E1,
-3.347755714833E2));
#1043=LINE('',#1042,#1041);
#1044=DIRECTION('',(-1.E0,1.084909939664E-12,0.E0));
#1045=VECTOR('',#1044,3.2E1);
#1046=CARTESIAN_POINT('',(1.678655996999E1,-2.597381792492E1,
-3.347756643508E2));
#1047=LINE('',#1046,#1045);
#1048=DIRECTION('',(0.E0,-9.999999999956E-1,2.959318906623E-6));
#1049=VECTOR('',#1048,3.138137837438E1);
#1050=CARTESIAN_POINT('',(-1.521344003001E1,-2.597381792489E1,
-3.347756643508E2));
#1051=LINE('',#1050,#1049);
#1052=DIRECTION('',(-1.E0,1.084687895059E-12,0.E0));
#1053=VECTOR('',#1052,3.2E1);
#1054=CARTESIAN_POINT('',(1.678655996999E1,-5.735519629917E1,
-3.347755714833E2));
#1055=LINE('',#1054,#1053);
#1056=CARTESIAN_POINT('',(1.678655996998E1,-2.597383114839E1,
-3.397756692875E2));
#1057=DIRECTION('',(-1.E0,1.084866631623E-12,0.E0));
#1058=DIRECTION('',(0.E0,2.644689413245E-6,9.999999999965E-1));
#1059=AXIS2_PLACEMENT_3D('',#1056,#1057,#1058);
#1061=CARTESIAN_POINT('',(-1.521344003002E1,-2.597383114835E1,
-3.397756692875E2));
#1062=DIRECTION('',(1.E0,-1.084866631623E-12,0.E0));
#1063=DIRECTION('',(1.084998757506E-12,9.999999999965E-1,-2.644689425324E-6));
#1064=AXIS2_PLACEMENT_3D('',#1061,#1062,#1063);
#1066=CARTESIAN_POINT('',(-7.463440030015E0,-2.097389504403E1,
-3.639356666427E2));
#1067=DIRECTION('',(-1.084853004174E-12,-9.999999999965E-1,2.644689415491E-6));
#1068=DIRECTION('',(-1.E0,1.083577672034E-12,1.705302565824E-13));
#1069=AXIS2_PLACEMENT_3D('',#1066,#1067,#1068);
#1071=DIRECTION('',(0.E0,2.644689416798E-6,9.999999999965E-1));
#1072=VECTOR('',#1071,2.5E0);
#1073=CARTESIAN_POINT('',(-8.463440030015E0,-2.097389504403E1,
-3.639356666427E2));
#1074=LINE('',#1073,#1072);
#1075=CARTESIAN_POINT('',(-1.171344003002E1,-2.097388843230E1,
-3.614356666427E2));
#1076=DIRECTION('',(-1.084854747449E-12,-9.999999999965E-1,2.644689415410E-6));
#1077=DIRECTION('',(1.E0,-1.084397529037E-12,-1.749028272640E-14));
#1078=AXIS2_PLACEMENT_3D('',#1075,#1076,#1077);
#1080=DIRECTION('',(1.E0,-1.085709300243E-12,0.E0));
#1081=VECTOR('',#1080,2.499999999997E0);
#1082=CARTESIAN_POINT('',(-1.421344003001E1,-2.097387983706E1,
-3.581856666427E2));
#1083=LINE('',#1082,#1081);
#1084=CARTESIAN_POINT('',(-1.421344003001E1,-2.097387719237E1,
-3.571856666427E2));
#1085=DIRECTION('',(0.E0,-9.999999999965E-1,2.644689415444E-6));
#1086=DIRECTION('',(-1.E0,0.E0,1.705302565824E-13));
#1087=AXIS2_PLACEMENT_3D('',#1084,#1085,#1086);
#1089=DIRECTION('',(0.E0,2.644689415316E-6,9.999999999965E-1));
#1090=VECTOR('',#1089,1.740998413186E1);
#1091=CARTESIAN_POINT('',(-1.521344003001E1,-2.097387719237E1,
-3.571856666427E2));
#1092=LINE('',#1091,#1090);
#1093=DIRECTION('',(-1.E0,1.085020961966E-12,0.E0));
#1094=VECTOR('',#1093,3.2E1);
#1095=CARTESIAN_POINT('',(1.678655996999E1,-2.097383114840E1,
-3.397756825109E2));
#1096=LINE('',#1095,#1094);
#1097=DIRECTION('',(0.E0,-2.644689415520E-6,-9.999999999965E-1));
#1098=VECTOR('',#1097,1.740998413186E1);
#1099=CARTESIAN_POINT('',(1.678655996999E1,-2.097383114840E1,
-3.397756825109E2));
#1100=LINE('',#1099,#1098);
#1101=CARTESIAN_POINT('',(1.578655996999E1,-2.097387719240E1,
-3.571856666427E2));
#1102=DIRECTION('',(0.E0,-9.999999999965E-1,2.644689415503E-6));
#1103=DIRECTION('',(-1.136868377216E-13,-2.644689416798E-6,-9.999999999965E-1));
#1104=AXIS2_PLACEMENT_3D('',#1101,#1102,#1103);
#1106=DIRECTION('',(-1.E0,1.085709300240E-12,0.E0));
#1107=VECTOR('',#1106,2.500000000003E0);
#1108=CARTESIAN_POINT('',(1.578655996999E1,-2.097387983709E1,
-3.581856666427E2));
#1109=LINE('',#1108,#1107);
#1110=CARTESIAN_POINT('',(1.328655996998E1,-2.097388843233E1,
-3.614356666427E2));
#1111=DIRECTION('',(-1.084854747449E-12,-9.999999999965E-1,2.644689415410E-6));
#1112=DIRECTION('',(0.E0,2.644689415704E-6,9.999999999965E-1));
#1113=AXIS2_PLACEMENT_3D('',#1110,#1111,#1112);
#1115=DIRECTION('',(0.E0,2.644689413955E-6,9.999999999965E-1));
#1116=VECTOR('',#1115,2.5E0);
#1117=CARTESIAN_POINT('',(1.003655996998E1,-2.097389504405E1,
-3.639356666427E2));
#1118=LINE('',#1117,#1116);
#1119=CARTESIAN_POINT('',(9.036559969985E0,-2.097389504405E1,
-3.639356666427E2));
#1120=DIRECTION('',(-1.084857207929E-12,-9.999999999965E-1,2.644689415470E-6));
#1121=DIRECTION('',(-5.346834086595E-13,-2.644689416798E-6,-9.999999999965E-1));
#1122=AXIS2_PLACEMENT_3D('',#1119,#1120,#1121);
#1124=DIRECTION('',(-1.E0,1.084977225908E-12,0.E0));
#1125=VECTOR('',#1124,1.65E1);
#1126=CARTESIAN_POINT('',(9.036559969984E0,-2.097389768874E1,
-3.649356666427E2));
#1127=LINE('',#1126,#1125);
#1128=CARTESIAN_POINT('',(-7.463440030011E0,-1.657389504405E1,
-3.639356782794E2));
#1129=DIRECTION('',(1.084853004174E-12,9.999999999965E-1,-2.644689415491E-6));
#1130=DIRECTION('',(0.E0,-2.644689416798E-6,-9.999999999965E-1));
#1131=AXIS2_PLACEMENT_3D('',#1128,#1129,#1130);
#1133=DIRECTION('',(1.085192541888E-12,9.999999999965E-1,-2.644689451679E-6));
#1134=VECTOR('',#1133,4.4E0);
#1135=CARTESIAN_POINT('',(-8.463440030015E0,-2.097389504403E1,
-3.639356666427E2));
#1136=LINE('',#1135,#1134);
#1137=CARTESIAN_POINT('',(-1.171344003001E1,-1.657388843232E1,
-3.614356782794E2));
#1138=DIRECTION('',(0.E0,-9.999999999965E-1,2.644689415434E-6));
#1139=DIRECTION('',(-1.E0,0.E0,1.624097681737E-14));
#1140=AXIS2_PLACEMENT_3D('',#1137,#1138,#1139);
#1142=DIRECTION('',(0.E0,2.644689415126E-6,9.999999999965E-1));
#1143=VECTOR('',#1142,4.25E0);
#1144=CARTESIAN_POINT('',(-1.521344003001E1,-1.657388843231E1,
-3.614356782794E2));
#1145=LINE('',#1144,#1143);
#1146=DIRECTION('',(-1.E0,1.084288214769E-12,0.E0));
#1147=VECTOR('',#1146,2.500000000002E0);
#1148=CARTESIAN_POINT('',(-1.171344003001E1,-1.657387983708E1,
-3.581856782794E2));
#1149=LINE('',#1148,#1147);
#1150=CARTESIAN_POINT('',(-1.171344003001E1,-1.657388843232E1,
-3.614356782794E2));
#1151=DIRECTION('',(-1.084854747449E-12,-9.999999999965E-1,2.644689415410E-6));
#1152=DIRECTION('',(1.E0,-1.084397529037E-12,0.E0));
#1153=AXIS2_PLACEMENT_3D('',#1150,#1151,#1152);
#1155=DIRECTION('',(0.E0,2.644689413955E-6,9.999999999965E-1));
#1156=VECTOR('',#1155,2.5E0);
#1157=CARTESIAN_POINT('',(-8.463440030011E0,-1.657389504404E1,
-3.639356782794E2));
#1158=LINE('',#1157,#1156);
#1159=DIRECTION('',(-1.E0,1.086712419397E-12,1.337492208489E-14));
#1160=VECTOR('',#1159,4.250000000002E0);
#1161=CARTESIAN_POINT('',(-7.463440030011E0,-1.657389768874E1,
-3.649356782793E2));
#1162=LINE('',#1161,#1160);
#1163=CARTESIAN_POINT('',(1.328655996999E1,-1.657388843235E1,
-3.614356782794E2));
#1164=DIRECTION('',(0.E0,-9.999999999965E-1,2.644689415370E-6));
#1165=DIRECTION('',(0.E0,-2.644689415782E-6,-9.999999999965E-1));
#1166=AXIS2_PLACEMENT_3D('',#1163,#1164,#1165);
#1168=DIRECTION('',(-1.E0,1.085040554138E-12,0.E0));
#1169=VECTOR('',#1168,4.249999999998E0);
#1170=CARTESIAN_POINT('',(1.328655996999E1,-1.657389768876E1,
-3.649356782793E2));
#1171=LINE('',#1170,#1169);
#1172=DIRECTION('',(0.E0,-2.644689415376E-6,-9.999999999965E-1));
#1173=VECTOR('',#1172,2.5E0);
#1174=CARTESIAN_POINT('',(1.003655996999E1,-1.657388843234E1,
-3.614356782794E2));
#1175=LINE('',#1174,#1173);
#1176=CARTESIAN_POINT('',(1.328655996999E1,-1.657388843234E1,
-3.614356782794E2));
#1177=DIRECTION('',(-1.084854747449E-12,-9.999999999965E-1,2.644689415410E-6));
#1178=DIRECTION('',(0.E0,2.644689415704E-6,9.999999999965E-1));
#1179=AXIS2_PLACEMENT_3D('',#1176,#1177,#1178);
#1181=DIRECTION('',(-1.E0,1.085709300242E-12,0.E0));
#1182=VECTOR('',#1181,2.499999999998E0);
#1183=CARTESIAN_POINT('',(1.578655996999E1,-1.657387983711E1,
-3.581856782794E2));
#1184=LINE('',#1183,#1182);
#1185=DIRECTION('',(0.E0,-2.644689413454E-6,-9.999999999965E-1));
#1186=VECTOR('',#1185,4.25E0);
#1187=CARTESIAN_POINT('',(1.678655996999E1,-1.657387719242E1,
-3.571856782794E2));
#1188=LINE('',#1187,#1186);
#1189=CARTESIAN_POINT('',(-1.171344003001E1,-1.657388843232E1,
-3.614356782794E2));
#1190=DIRECTION('',(-1.084854747449E-12,-9.999999999965E-1,2.644689415410E-6));
#1191=DIRECTION('',(1.E0,-1.084622587822E-12,0.E0));
#1192=AXIS2_PLACEMENT_3D('',#1189,#1190,#1191);
#1194=DIRECTION('',(1.084529291770E-12,9.999999999965E-1,-2.644689414767E-6));
#1195=VECTOR('',#1194,5.6E0);
#1196=CARTESIAN_POINT('',(-1.341344003001E1,-1.657388843232E1,
-3.614356782794E2));
#1197=LINE('',#1196,#1195);
#1198=DIRECTION('',(-1.084846498348E-12,-9.999999999965E-1,2.644689414767E-6));
#1199=VECTOR('',#1198,5.6E0);
#1200=CARTESIAN_POINT('',(-1.001344003E1,-1.097388843234E1,-3.614356930896E2));
#1201=LINE('',#1200,#1199);
#1202=CARTESIAN_POINT('',(-1.171344003001E1,-1.657388843232E1,
-3.614356782794E2));
#1203=DIRECTION('',(-1.084854747449E-12,-9.999999999965E-1,2.644689415410E-6));
#1204=DIRECTION('',(-1.E0,1.084622587822E-12,0.E0));
#1205=AXIS2_PLACEMENT_3D('',#1202,#1203,#1204);
#1207=CARTESIAN_POINT('',(1.328655997E1,-1.097388843236E1,-3.614356930896E2));
#1208=DIRECTION('',(-1.084854747449E-12,-9.999999999965E-1,2.644689415410E-6));
#1209=DIRECTION('',(1.E0,-1.084622587822E-12,-3.343730521224E-14));
#1210=AXIS2_PLACEMENT_3D('',#1207,#1208,#1209);
#1212=CARTESIAN_POINT('',(1.328655997E1,-1.097388843236E1,-3.614356930896E2));
#1213=DIRECTION('',(-1.084854747449E-12,-9.999999999965E-1,2.644689415410E-6));
#1214=DIRECTION('',(-1.E0,1.084622587822E-12,-3.343730521224E-14));
#1215=AXIS2_PLACEMENT_3D('',#1212,#1213,#1214);
#1217=CARTESIAN_POINT('',(-1.171344003E1,-1.097388843234E1,-3.614356930896E2));
#1218=DIRECTION('',(-1.084854747449E-12,-9.999999999965E-1,2.644689415410E-6));
#1219=DIRECTION('',(1.E0,-1.084622587822E-12,-3.343730521224E-14));
#1220=AXIS2_PLACEMENT_3D('',#1217,#1218,#1219);
#1222=CARTESIAN_POINT('',(-1.171344003E1,-1.097388843234E1,-3.614356930896E2));
#1223=DIRECTION('',(-1.084854747449E-12,-9.999999999965E-1,2.644689415410E-6));
#1224=DIRECTION('',(-1.E0,1.084622587822E-12,-3.343730521224E-14));
#1225=AXIS2_PLACEMENT_3D('',#1222,#1223,#1224);
#1227=DIRECTION('',(-1.E0,1.084856648960E-12,-2.569322532512E-13));
#1228=VECTOR('',#1227,2.499999999996E1);
#1229=CARTESIAN_POINT('',(1.328655997001E1,-1.097389607179E1,
-3.643242849640E2));
#1230=LINE('',#1229,#1228);
#1231=CARTESIAN_POINT('',(1.328655996994E1,-1.097388844038E1,
-3.614387242210E2));
#1232=DIRECTION('',(1.084856654968E-12,9.999999999965E-1,-2.644689415410E-6));
#1233=DIRECTION('',(-1.328075037195E-10,2.644689415226E-6,9.999999999965E-1));
#1234=AXIS2_PLACEMENT_3D('',#1231,#1232,#1233);
#1236=DIRECTION('',(1.E0,-1.084643486148E-12,2.478373062354E-13));
#1237=VECTOR('',#1236,2.499999999977E1);
#1238=CARTESIAN_POINT('',(-1.171344002996E1,-1.097388080894E1,
-3.585531634780E2));
#1239=LINE('',#1238,#1237);
#1240=CARTESIAN_POINT('',(-1.171344002998E1,-1.097388844035E1,
-3.614387242210E2));
#1241=DIRECTION('',(1.084856654968E-12,9.999999999965E-1,-2.644689415410E-6));
#1242=DIRECTION('',(2.768608239830E-11,-2.644689415225E-6,-9.999999999965E-1));
#1243=AXIS2_PLACEMENT_3D('',#1240,#1241,#1242);
#1245=CARTESIAN_POINT('',(1.328655996999E1,-1.657388843234E1,
-3.614356782794E2));
#1246=DIRECTION('',(-1.084854747449E-12,-9.999999999965E-1,2.644689415410E-6));
#1247=DIRECTION('',(1.E0,-1.084622587822E-12,0.E0));
#1248=AXIS2_PLACEMENT_3D('',#1245,#1246,#1247);
#1250=DIRECTION('',(1.084529291770E-12,9.999999999965E-1,-2.644689414767E-6));
#1251=VECTOR('',#1250,5.6E0);
#1252=CARTESIAN_POINT('',(1.158655996999E1,-1.657388843234E1,
-3.614356782794E2));
#1253=LINE('',#1252,#1251);
#1254=DIRECTION('',(-1.084846498348E-12,-9.999999999965E-1,2.644689414767E-6));
#1255=VECTOR('',#1254,5.6E0);
#1256=CARTESIAN_POINT('',(1.498655997E1,-1.097388843237E1,-3.614356930896E2));
#1257=LINE('',#1256,#1255);
#1258=CARTESIAN_POINT('',(1.328655996999E1,-1.657388843234E1,
-3.614356782794E2));
#1259=DIRECTION('',(-1.084854747449E-12,-9.999999999965E-1,2.644689415410E-6));
#1260=DIRECTION('',(-1.E0,1.084622587822E-12,0.E0));
#1261=AXIS2_PLACEMENT_3D('',#1258,#1259,#1260);
#1263=DIRECTION('',(3.803521637819E-12,9.999999999965E-1,-2.644689410594E-6));
#1264=VECTOR('',#1263,4.501230398667E0);
#1265=CARTESIAN_POINT('',(-1.171344003001E1,-1.657389768873E1,
-3.649356782793E2));
#1266=LINE('',#1265,#1264);
#1267=DIRECTION('',(1.044013360611E-12,9.999999999965E-1,-2.644689425841E-6));
#1268=VECTOR('',#1267,4.4E0);
#1269=CARTESIAN_POINT('',(-7.463440030015E0,-2.097389768872E1,
-3.649356666427E2));
#1270=LINE('',#1269,#1268);
#1271=DIRECTION('',(-1.125160570775E-12,-9.999999999965E-1,2.644689412922E-6));
#1272=VECTOR('',#1271,4.4E0);
#1273=CARTESIAN_POINT('',(9.036559969989E0,-1.657389768875E1,
-3.649356782793E2));
#1274=LINE('',#1273,#1272);
#1275=DIRECTION('',(5.483890504176E-12,-9.999999999965E-1,2.644689423228E-6));
#1276=VECTOR('',#1275,4.501230398657E0);
#1277=CARTESIAN_POINT('',(1.328655996996E1,-1.207266729012E1,
-3.649356901837E2));
#1278=LINE('',#1277,#1276);
#1279=DIRECTION('',(-1.E0,1.464854904045E-12,0.E0));
#1280=VECTOR('',#1279,2.499999999996E1);
#1281=CARTESIAN_POINT('',(1.328655996996E1,-1.207266729012E1,
-3.649356901837E2));
#1282=LINE('',#1281,#1280);
#1283=CARTESIAN_POINT('',(-1.171344003E1,-1.207266729008E1,-3.649356901837E2));
#1284=CARTESIAN_POINT('',(-1.176733986661E1,-1.207266729008E1,
-3.649356901837E2));
#1285=CARTESIAN_POINT('',(-1.187513953555E1,-1.207267116316E1,
-3.649331995758E2));
#1286=CARTESIAN_POINT('',(-1.203649396777E1,-1.207268857957E1,
-3.649219998130E2));
#1287=CARTESIAN_POINT('',(-1.219715899123E1,-1.207271756552E1,
-3.649033600994E2));
#1288=CARTESIAN_POINT('',(-1.235679173174E1,-1.207275805899E1,
-3.648773202139E2));
#1289=CARTESIAN_POINT('',(-1.251505153109E1,-1.207280997333E1,
-3.648439357262E2));
#1290=CARTESIAN_POINT('',(-1.267160066176E1,-1.207287319748E1,
-3.648032778782E2));
#1291=CARTESIAN_POINT('',(-1.282610504075E1,-1.207294759619E1,
-3.647554334341E2));
#1292=CARTESIAN_POINT('',(-1.297823492848E1,-1.207303301027E1,
-3.647005045028E2));
#1293=CARTESIAN_POINT('',(-1.312766569880E1,-1.207312925701E1,
-3.646386082958E2));
#1294=CARTESIAN_POINT('',(-1.327407846190E1,-1.207323613054E1,
-3.645698768977E2));
#1295=CARTESIAN_POINT('',(-1.341716073256E1,-1.207335340222E1,
-3.644944570003E2));
#1296=CARTESIAN_POINT('',(-1.355660719488E1,-1.207348082122E1,
-3.644125095390E2));
#1297=CARTESIAN_POINT('',(-1.369212026561E1,-1.207361811503E1,
-3.643242093886E2));
#1298=CARTESIAN_POINT('',(-1.382341073999E1,-1.207376499001E1,
-3.642297449921E2));
#1299=CARTESIAN_POINT('',(-1.395019842908E1,-1.207392113204E1,
-3.641293179480E2));
#1300=CARTESIAN_POINT('',(-1.407221278252E1,-1.207408620726E1,
-3.640231425549E2));
#1301=CARTESIAN_POINT('',(-1.418919341964E1,-1.207425986271E1,
-3.639114453862E2));
#1302=CARTESIAN_POINT('',(-1.430089065209E1,-1.207444172703E1,
-3.637944648540E2));
#1303=CARTESIAN_POINT('',(-1.440706615729E1,-1.207463141149E1,
-3.636724505546E2));
#1304=CARTESIAN_POINT('',(-1.450749334113E1,-1.207482851060E1,
-3.635456628765E2));
#1305=CARTESIAN_POINT('',(-1.460195786952E1,-1.207503260303E1,
-3.634143724118E2));
#1306=CARTESIAN_POINT('',(-1.469025815693E1,-1.207524325258E1,
-3.632788593321E2));
#1307=CARTESIAN_POINT('',(-1.477220577226E1,-1.207546000909E1,
-3.631394128158E2));
#1308=CARTESIAN_POINT('',(-1.484762582999E1,-1.207568240940E1,
-3.629963304510E2));
#1309=CARTESIAN_POINT('',(-1.491635736525E1,-1.207590997825E1,
-3.628499176113E2));
#1310=CARTESIAN_POINT('',(-1.497825371691E1,-1.207614222953E1,
-3.627004867158E2));
#1311=CARTESIAN_POINT('',(-1.503318278980E1,-1.207637866710E1,
-3.625483566602E2));
#1312=CARTESIAN_POINT('',(-1.508102735282E1,-1.207661878590E1,
-3.623938521241E2));
#1313=CARTESIAN_POINT('',(-1.512168530943E1,-1.207686207315E1,
-3.622373028083E2));
#1314=CARTESIAN_POINT('',(-1.515506989133E1,-1.207710800932E1,
-3.620790427977E2));
#1315=CARTESIAN_POINT('',(-1.518110985161E1,-1.207735606927E1,
-3.619194098335E2));
#1316=CARTESIAN_POINT('',(-1.519974961862E1,-1.207760572341E1,
-3.617587445872E2));
#1317=CARTESIAN_POINT('',(-1.521094941468E1,-1.207785643882E1,
-3.615973899170E2));
#1318=CARTESIAN_POINT('',(-1.521344003001E1,-1.207802393316E1,
-3.614895900873E2));
#1319=CARTESIAN_POINT('',(-1.521344003001E1,-1.207810767866E1,
-3.614356901693E2));
#1321=CARTESIAN_POINT('',(9.036559969989E0,-1.657389504406E1,
-3.639356782794E2));
#1322=DIRECTION('',(1.084857207929E-12,9.999999999965E-1,-2.644689415470E-6));
#1323=DIRECTION('',(1.E0,-1.083577672034E-12,5.684341886081E-14));
#1324=AXIS2_PLACEMENT_3D('',#1321,#1322,#1323);
#1326=DIRECTION('',(-1.085192541888E-12,-9.999999999965E-1,2.644689412922E-6));
#1327=VECTOR('',#1326,4.4E0);
#1328=CARTESIAN_POINT('',(1.003655996999E1,-1.657389504406E1,
-3.639356782794E2));
#1329=LINE('',#1328,#1327);
#1330=DIRECTION('',(-1.084788824425E-12,-9.999999999965E-1,2.644689412922E-6));
#1331=VECTOR('',#1330,4.4E0);
#1332=CARTESIAN_POINT('',(1.328655996999E1,-1.657387983710E1,
-3.581856782794E2));
#1333=LINE('',#1332,#1331);
#1334=DIRECTION('',(-1.084788824425E-12,-9.999999999965E-1,2.644689412922E-6));
#1335=VECTOR('',#1334,4.4E0);
#1336=CARTESIAN_POINT('',(1.003655996999E1,-1.657388843234E1,
-3.614356782794E2));
#1337=LINE('',#1336,#1335);
#1338=DIRECTION('',(0.E0,9.999999999965E-1,-2.644689412922E-6));
#1339=VECTOR('',#1338,4.4E0);
#1340=CARTESIAN_POINT('',(1.578655996999E1,-2.097387983709E1,
-3.581856666427E2));
#1341=LINE('',#1340,#1339);
#1342=CARTESIAN_POINT('',(1.578655996999E1,-1.657387719242E1,
-3.571856782794E2));
#1343=DIRECTION('',(0.E0,9.999999999965E-1,-2.644689415503E-6));
#1344=DIRECTION('',(1.E0,0.E0,0.E0));
#1345=AXIS2_PLACEMENT_3D('',#1342,#1343,#1344);
#1347=CARTESIAN_POINT('',(1.328655996996E1,-1.207266729012E1,
-3.649356901837E2));
#1348=CARTESIAN_POINT('',(1.334045980658E1,-1.207266729012E1,
-3.649356901837E2));
#1349=CARTESIAN_POINT('',(1.344825947553E1,-1.207267116319E1,
-3.649331995758E2));
#1350=CARTESIAN_POINT('',(1.360961390775E1,-1.207268857961E1,
-3.649219998130E2));
#1351=CARTESIAN_POINT('',(1.377027893120E1,-1.207271756556E1,
-3.649033600994E2));
#1352=CARTESIAN_POINT('',(1.392991167172E1,-1.207275805902E1,
-3.648773202139E2));
#1353=CARTESIAN_POINT('',(1.408817147106E1,-1.207280997337E1,
-3.648439357262E2));
#1354=CARTESIAN_POINT('',(1.424472060173E1,-1.207287319752E1,
-3.648032778782E2));
#1355=CARTESIAN_POINT('',(1.439922498073E1,-1.207294759623E1,
-3.647554334341E2));
#1356=CARTESIAN_POINT('',(1.455135486845E1,-1.207303301031E1,
-3.647005045028E2));
#1357=CARTESIAN_POINT('',(1.470078563878E1,-1.207312925706E1,
-3.646386082958E2));
#1358=CARTESIAN_POINT('',(1.484719840188E1,-1.207323613059E1,
-3.645698768977E2));
#1359=CARTESIAN_POINT('',(1.499028067254E1,-1.207335340226E1,
-3.644944570003E2));
#1360=CARTESIAN_POINT('',(1.512972713485E1,-1.207348082127E1,
-3.644125095390E2));
#1361=CARTESIAN_POINT('',(1.526524020559E1,-1.207361811508E1,
-3.643242093886E2));
#1362=CARTESIAN_POINT('',(1.539653067997E1,-1.207376499006E1,
-3.642297449921E2));
#1363=CARTESIAN_POINT('',(1.552331836905E1,-1.207392113209E1,
-3.641293179480E2));
#1364=CARTESIAN_POINT('',(1.564533272250E1,-1.207408620731E1,
-3.640231425549E2));
#1365=CARTESIAN_POINT('',(1.576231335961E1,-1.207425986276E1,
-3.639114453862E2));
#1366=CARTESIAN_POINT('',(1.587401059207E1,-1.207444172709E1,
-3.637944648540E2));
#1367=CARTESIAN_POINT('',(1.598018609726E1,-1.207463141155E1,
-3.636724505546E2));
#1368=CARTESIAN_POINT('',(1.608061328110E1,-1.207482851066E1,
-3.635456628765E2));
#1369=CARTESIAN_POINT('',(1.617507780949E1,-1.207503260309E1,
-3.634143724118E2));
#1370=CARTESIAN_POINT('',(1.626337809690E1,-1.207524325264E1,
-3.632788593321E2));
#1371=CARTESIAN_POINT('',(1.634532571223E1,-1.207546000916E1,
-3.631394128158E2));
#1372=CARTESIAN_POINT('',(1.642074576996E1,-1.207568240946E1,
-3.629963304510E2));
#1373=CARTESIAN_POINT('',(1.648947730522E1,-1.207590997831E1,
-3.628499176113E2));
#1374=CARTESIAN_POINT('',(1.655137365688E1,-1.207614222959E1,
-3.627004867158E2));
#1375=CARTESIAN_POINT('',(1.660630272978E1,-1.207637866716E1,
-3.625483566602E2));
#1376=CARTESIAN_POINT('',(1.665414729279E1,-1.207661878597E1,
-3.623938521241E2));
#1377=CARTESIAN_POINT('',(1.669480524941E1,-1.207686207321E1,
-3.622373028083E2));
#1378=CARTESIAN_POINT('',(1.672818983130E1,-1.207710800938E1,
-3.620790427977E2));
#1379=CARTESIAN_POINT('',(1.675422979158E1,-1.207735606934E1,
-3.619194098335E2));
#1380=CARTESIAN_POINT('',(1.677286955860E1,-1.207760572348E1,
-3.617587445872E2));
#1381=CARTESIAN_POINT('',(1.678406935466E1,-1.207785643888E1,
-3.615973899170E2));
#1382=CARTESIAN_POINT('',(1.678655996999E1,-1.207802393323E1,
-3.614895900873E2));
#1383=CARTESIAN_POINT('',(1.678655996999E1,-1.207810767873E1,
-3.614356901693E2));
#1385=CARTESIAN_POINT('',(1.678655996999E1,-1.207810767873E1,
-3.614356901693E2));
#1386=CARTESIAN_POINT('',(1.678655996999E1,-1.207815858178E1,
-3.614029281661E2));
#1387=CARTESIAN_POINT('',(1.678655996999E1,-1.207991552248E1,
-3.613373129680E2));
#1388=CARTESIAN_POINT('',(1.678655996999E1,-1.208753422002E1,
-3.612387243500E2));
#1389=CARTESIAN_POINT('',(1.678655996999E1,-1.210018972677E1,
-3.611396468106E2));
#1390=CARTESIAN_POINT('',(1.678655996999E1,-1.211797131471E1,
-3.610398668895E2));
#1391=CARTESIAN_POINT('',(1.678655996999E1,-1.214100579983E1,
-3.609391327275E2));
#1392=CARTESIAN_POINT('',(1.678655996999E1,-1.216945975675E1,
-3.608371902015E2));
#1393=CARTESIAN_POINT('',(1.678655996999E1,-1.220354254385E1,
-3.607337695070E2));
#1394=CARTESIAN_POINT('',(1.678655996999E1,-1.224351015219E1,
-3.606285846400E2));
#1395=CARTESIAN_POINT('',(1.678655996999E1,-1.228967000522E1,
-3.605213289752E2));
#1396=CARTESIAN_POINT('',(1.678655996999E1,-1.234238687655E1,
-3.604116712714E2));
#1397=CARTESIAN_POINT('',(1.678655996999E1,-1.240209011750E1,
-3.602992508099E2));
#1398=CARTESIAN_POINT('',(1.678655996999E1,-1.246928246405E1,
-3.601836718025E2));
#1399=CARTESIAN_POINT('',(1.678655996999E1,-1.254455076945E1,
-3.600644967749E2));
#1400=CARTESIAN_POINT('',(1.678655996999E1,-1.262857908992E1,
-3.599412387054E2));
#1401=CARTESIAN_POINT('',(1.678655996999E1,-1.272216472714E1,
-3.598133515555E2));
#1402=CARTESIAN_POINT('',(1.678655996999E1,-1.282623791890E1,
-3.596802187750E2));
#1403=CARTESIAN_POINT('',(1.678655996999E1,-1.294188639883E1,
-3.595411391921E2));
#1404=CARTESIAN_POINT('',(1.678655996999E1,-1.307038492093E1,
-3.593953100602E2));
#1405=CARTESIAN_POINT('',(1.678655996999E1,-1.321323774539E1,
-3.592418023397E2));
#1406=CARTESIAN_POINT('',(1.678655996999E1,-1.337220687626E1,
-3.590795487657E2));
#1407=CARTESIAN_POINT('',(1.678655996999E1,-1.354946275562E1,
-3.589072362750E2));
#1408=CARTESIAN_POINT('',(1.678655996999E1,-1.374727897324E1,
-3.587235853356E2));
#1409=CARTESIAN_POINT('',(1.678655996999E1,-1.389567492664E1,
-3.585917279184E2));
#1410=CARTESIAN_POINT('',(1.678655996999E1,-1.397388073114E1,
-3.585237280052E2));
#1412=CARTESIAN_POINT('',(1.328655996993E1,-1.397388844037E1,
-3.614387162869E2));
#1413=DIRECTION('',(-1.084856654968E-12,-9.999999999965E-1,2.644689415410E-6));
#1414=DIRECTION('',(7.684024678046E-1,1.692512882679E-6,6.399669112297E-1));
#1415=AXIS2_PLACEMENT_3D('',#1412,#1413,#1414);
#1417=DIRECTION('',(-7.601772142959E-12,-8.738247296601E-1,4.862410326520E-1));
#1418=VECTOR('',#1417,3.433177710890E0);
#1419=CARTESIAN_POINT('',(1.328655996981E1,-1.097388080897E1,
-3.585531634780E2));
#1420=LINE('',#1419,#1418);
#1421=DIRECTION('',(-3.882228373311E-11,-8.738273015606E-1,-4.862364106557E-1));
#1422=VECTOR('',#1421,1.257423768245E0);
#1423=CARTESIAN_POINT('',(1.328655997001E1,-1.097389607179E1,
-3.643242849640E2));
#1424=LINE('',#1423,#1422);
#1425=DIRECTION('',(1.E0,-1.084785594696E-12,2.478373062357E-13));
#1426=VECTOR('',#1425,2.499999999974E1);
#1427=CARTESIAN_POINT('',(-1.171344002996E1,-1.397387639403E1,
-3.568838116026E2));
#1428=LINE('',#1427,#1426);
#1429=DIRECTION('',(-6.829798004836E-14,-8.738247296601E-1,4.862410326520E-1));
#1430=VECTOR('',#1429,3.433177710890E0);
#1431=CARTESIAN_POINT('',(-1.171344002996E1,-1.097388080894E1,
-3.585531634780E2));
#1432=LINE('',#1431,#1430);
#1433=CARTESIAN_POINT('',(-1.421344003001E1,-1.657387719238E1,
-3.571856782794E2));
#1434=DIRECTION('',(0.E0,9.999999999965E-1,-2.644689415444E-6));
#1435=DIRECTION('',(0.E0,-2.644689416798E-6,-9.999999999965E-1));
#1436=AXIS2_PLACEMENT_3D('',#1433,#1434,#1435);
#1438=DIRECTION('',(0.E0,-9.999999999965E-1,2.644689412922E-6));
#1439=VECTOR('',#1438,4.4E0);
#1440=CARTESIAN_POINT('',(-1.421344003001E1,-1.657387983707E1,
-3.581856782794E2));
#1441=LINE('',#1440,#1439);
#1442=DIRECTION('',(-1.084385106961E-12,-9.999999999965E-1,2.644689412922E-6));
#1443=VECTOR('',#1442,4.4E0);
#1444=CARTESIAN_POINT('',(-1.171344003001E1,-1.657387983708E1,
-3.581856782794E2));
#1445=LINE('',#1444,#1443);
#1446=DIRECTION('',(-1.085192541888E-12,-9.999999999965E-1,2.644689412922E-6));
#1447=VECTOR('',#1446,4.4E0);
#1448=CARTESIAN_POINT('',(-8.463440030011E0,-1.657388843232E1,
-3.614356782794E2));
#1449=LINE('',#1448,#1447);
#1450=CARTESIAN_POINT('',(1.267655996995E1,-6.799295412654E1,
-3.339751171838E2));
#1451=CARTESIAN_POINT('',(7.676559969951E0,-6.799295412654E1,
-3.339751171838E2));
#1452=VERTEX_POINT('',#1450);
#1453=VERTEX_POINT('',#1451);
#1454=CARTESIAN_POINT('',(-4.463440030069E0,-8.660662476023E1,
-3.408224280092E2));
#1455=CARTESIAN_POINT('',(-4.463440030065E0,-8.277651362925E1,
-3.478459775908E2));
#1456=VERTEX_POINT('',#1454);
#1457=VERTEX_POINT('',#1455);
#1458=CARTESIAN_POINT('',(-4.963440030064E0,-8.233754178041E1,
-3.476065956451E2));
#1459=CARTESIAN_POINT('',(-4.963440030068E0,-8.616765291138E1,
-3.405830460635E2));
#1460=VERTEX_POINT('',#1458);
#1461=VERTEX_POINT('',#1459);
#1462=CARTESIAN_POINT('',(7.016559969942E0,-7.608815662576E1,
-3.350864534261E2));
#1463=CARTESIAN_POINT('',(6.536559969942E0,-7.652677715654E1,
-3.353256437896E2));
#1464=VERTEX_POINT('',#1462);
#1465=VERTEX_POINT('',#1463);
#1466=CARTESIAN_POINT('',(3.557506648147E0,-8.717454609510E1,
-3.411321292224E2));
#1467=CARTESIAN_POINT('',(3.557506648151E0,-8.334443496412E1,
-3.481556788039E2));
#1468=VERTEX_POINT('',#1466);
#1469=VERTEX_POINT('',#1467);
#1470=CARTESIAN_POINT('',(3.286559969934E0,-8.373463582896E1,
-3.483684647547E2));
#1471=VERTEX_POINT('',#1470);
#1472=CARTESIAN_POINT('',(3.286559969930E0,-8.756474695993E1,
-3.413449151732E2));
#1473=VERTEX_POINT('',#1472);
#1474=CARTESIAN_POINT('',(6.536559969932E0,-8.616765291140E1,
-3.405830460635E2));
#1475=CARTESIAN_POINT('',(6.536559969936E0,-8.233754178042E1,
-3.476065956451E2));
#1476=VERTEX_POINT('',#1474);
#1477=VERTEX_POINT('',#1475);
#1478=CARTESIAN_POINT('',(6.036559969947E0,-7.201520050459E1,
-3.328653721346E2));
#1479=CARTESIAN_POINT('',(6.036559969951E0,-6.818508937361E1,
-3.398889217161E2));
#1480=VERTEX_POINT('',#1478);
#1481=VERTEX_POINT('',#1479);
#1482=CARTESIAN_POINT('',(-5.518612443847E0,-7.286821550083E1,
-3.424427434411E2));
#1483=CARTESIAN_POINT('',(-5.518612443851E0,-7.669832663181E1,
-3.354191938596E2));
#1484=VERTEX_POINT('',#1482);
#1485=VERTEX_POINT('',#1483);
#1486=CARTESIAN_POINT('',(-1.713440030066E0,-8.373463582895E1,
-3.483684647547E2));
#1487=CARTESIAN_POINT('',(-1.713440030066E0,-8.435681228510E1,
-3.487077525952E2));
#1488=VERTEX_POINT('',#1486);
#1489=VERTEX_POINT('',#1487);
#1490=CARTESIAN_POINT('',(-3.239568082177E0,-8.660662476023E1,
-3.408224280092E2));
#1491=VERTEX_POINT('',#1490);
#1492=CARTESIAN_POINT('',(8.726559969954E0,-6.555125828054E1,
-3.384526300420E2));
#1493=CARTESIAN_POINT('',(1.162655996995E1,-6.555125828054E1,
-3.384526300420E2));
#1494=VERTEX_POINT('',#1492);
#1495=VERTEX_POINT('',#1493);
#1496=CARTESIAN_POINT('',(-4.976554965609E0,-7.320462567333E1,
-3.426261960289E2));
#1497=CARTESIAN_POINT('',(-5.234386708271E0,-7.349494550312E1,
-3.427845144402E2));
#1498=VERTEX_POINT('',#1496);
#1499=VERTEX_POINT('',#1497);
#1500=CARTESIAN_POINT('',(-6.573440030056E0,-7.455245779091E1,
-3.342489997807E2));
#1501=CARTESIAN_POINT('',(-6.573440030057E0,-7.586937333745E1,
-3.349671456177E2));
#1502=VERTEX_POINT('',#1500);
#1503=VERTEX_POINT('',#1501);
#1504=CARTESIAN_POINT('',(-6.573440030052E0,-7.072234665993E1,
-3.412725493622E2));
#1505=VERTEX_POINT('',#1504);
#1506=CARTESIAN_POINT('',(-4.463440030049E0,-6.818508937360E1,
-3.398889217161E2));
#1507=VERTEX_POINT('',#1506);
#1508=CARTESIAN_POINT('',(4.812688022043E0,-8.277651362926E1,
-3.478459775908E2));
#1509=CARTESIAN_POINT('',(6.036559969935E0,-8.277651362927E1,
-3.478459775908E2));
#1510=VERTEX_POINT('',#1508);
#1511=VERTEX_POINT('',#1509);
#1512=CARTESIAN_POINT('',(7.016559969949E0,-7.050356337165E1,
-3.411532415538E2));
#1513=CARTESIAN_POINT('',(7.016559969944E0,-7.433367450263E1,
-3.341296919723E2));
#1514=VERTEX_POINT('',#1512);
#1515=VERTEX_POINT('',#1513);
#1516=CARTESIAN_POINT('',(-4.463440030053E0,-7.201520050458E1,
-3.328653721346E2));
#1517=VERTEX_POINT('',#1516);
#1518=CARTESIAN_POINT('',(-5.463440030054E0,-7.286553485954E1,
-3.424412816227E2));
#1519=CARTESIAN_POINT('',(-5.463440030058E0,-7.669564599052E1,
-3.354177320412E2));
#1520=VERTEX_POINT('',#1518);
#1521=VERTEX_POINT('',#1519);
#1522=CARTESIAN_POINT('',(6.536559969945E0,-7.389505397184E1,
-3.338905016088E2));
#1523=CARTESIAN_POINT('',(6.536559969949E0,-7.006494284086E1,
-3.409140511903E2));
#1524=VERTEX_POINT('',#1522);
#1525=VERTEX_POINT('',#1523);
#1526=CARTESIAN_POINT('',(-4.963440030068E0,-8.609424685797E1,
-3.405430159706E2));
#1527=VERTEX_POINT('',#1526);
#1528=CARTESIAN_POINT('',(1.162655996995E1,-6.799295412654E1,
-3.339751171838E2));
#1529=VERTEX_POINT('',#1528);
#1530=CARTESIAN_POINT('',(-4.963440030049E0,-6.862406122245E1,
-3.401283036618E2));
#1531=CARTESIAN_POINT('',(-4.963440030050E0,-6.945710215802E1,
-3.405825809931E2));
#1532=VERTEX_POINT('',#1530);
#1533=VERTEX_POINT('',#1531);
#1534=CARTESIAN_POINT('',(4.812688022039E0,-8.660662476024E1,
-3.408224280092E2));
#1535=CARTESIAN_POINT('',(6.036559969931E0,-8.660662476024E1,
-3.408224280092E2));
#1536=VERTEX_POINT('',#1534);
#1537=VERTEX_POINT('',#1535);
#1538=CARTESIAN_POINT('',(-5.518612443848E0,-7.372350449655E1,
-3.337969515388E2));
#1539=CARTESIAN_POINT('',(-5.518612443844E0,-6.989339336558E1,
-3.408205011204E2));
#1540=VERTEX_POINT('',#1538);
#1541=VERTEX_POINT('',#1539);
#1542=CARTESIAN_POINT('',(-4.963440030064E0,-8.226413572699E1,
-3.475665655522E2));
#1543=VERTEX_POINT('',#1542);
#1544=CARTESIAN_POINT('',(-1.713440030071E0,-8.818692341608E1,
-3.416842030137E2));
#1545=VERTEX_POINT('',#1544);
#1546=CARTESIAN_POINT('',(6.536559969946E0,-7.269666602557E1,
-3.423491933711E2));
#1547=VERTEX_POINT('',#1546);
#1548=CARTESIAN_POINT('',(-4.963440030054E0,-7.245417235343E1,
-3.331047540803E2));
#1549=VERTEX_POINT('',#1548);
#1550=CARTESIAN_POINT('',(1.267655996995E1,-6.938136941152E1,
-3.314290804605E2));
#1551=CARTESIAN_POINT('',(7.676559969950E0,-6.938136941152E1,
-3.314290804605E2));
#1552=VERTEX_POINT('',#1550);
#1553=VERTEX_POINT('',#1551);
#1554=CARTESIAN_POINT('',(-1.713440030070E0,-8.756474695993E1,
-3.413449151732E2));
#1555=VERTEX_POINT('',#1554);
#1556=CARTESIAN_POINT('',(8.726559969951E0,-6.799295412654E1,
-3.339751171838E2));
#1557=VERTEX_POINT('',#1556);
#1558=CARTESIAN_POINT('',(-1.984386708286E0,-8.717454609509E1,
-3.411321292224E2));
#1559=VERTEX_POINT('',#1558);
#1560=CARTESIAN_POINT('',(-6.573440030053E0,-7.203926220647E1,
-3.419906951993E2));
#1561=VERTEX_POINT('',#1560);
#1562=CARTESIAN_POINT('',(6.536559969936E0,-8.226413572700E1,
-3.475665655522E2));
#1563=VERTEX_POINT('',#1562);
#1564=CARTESIAN_POINT('',(6.536559969932E0,-8.609424685798E1,
-3.405430159706E2));
#1565=VERTEX_POINT('',#1564);
#1566=CARTESIAN_POINT('',(-2.213440030067E0,-8.479578413395E1,
-3.489471345409E2));
#1567=VERTEX_POINT('',#1566);
#1568=CARTESIAN_POINT('',(3.286559969929E0,-8.818692341609E1,
-3.416842030137E2));
#1569=CARTESIAN_POINT('',(3.286559969934E0,-8.435681228511E1,
-3.487077525952E2));
#1570=VERTEX_POINT('',#1568);
#1571=VERTEX_POINT('',#1569);
#1572=CARTESIAN_POINT('',(-5.234386708281E0,-8.187393486215E1,
-3.473537796014E2));
#1573=VERTEX_POINT('',#1572);
#1574=CARTESIAN_POINT('',(-4.963440030054E0,-7.328721328900E1,
-3.335590314116E2));
#1575=VERTEX_POINT('',#1574);
#1576=CARTESIAN_POINT('',(-1.984386708282E0,-8.334443496411E1,
-3.481556788039E2));
#1577=VERTEX_POINT('',#1576);
#1578=CARTESIAN_POINT('',(3.786559969929E0,-8.862589526493E1,
-3.419235849594E2));
#1579=VERTEX_POINT('',#1578);
#1580=CARTESIAN_POINT('',(-5.623440030055E0,-7.371841127810E1,
-3.337941740839E2));
#1581=VERTEX_POINT('',#1580);
#1582=CARTESIAN_POINT('',(-3.239568082172E0,-8.277651362926E1,
-3.478459775908E2));
#1583=VERTEX_POINT('',#1582);
#1584=CARTESIAN_POINT('',(6.536559969951E0,-6.862406122246E1,
-3.401283036618E2));
#1585=VERTEX_POINT('',#1584);
#1586=CARTESIAN_POINT('',(7.016559969947E0,-7.225804549478E1,
-3.421100030077E2));
#1587=VERTEX_POINT('',#1586);
#1588=CARTESIAN_POINT('',(-2.213440030071E0,-8.862589526493E1,
-3.419235849594E2));
#1589=VERTEX_POINT('',#1588);
#1590=CARTESIAN_POINT('',(6.807506648153E0,-8.187393486216E1,
-3.473537796014E2));
#1591=CARTESIAN_POINT('',(1.089247123679E1,-8.002564537168E1,
-3.463458627256E2));
#1592=VERTEX_POINT('',#1590);
#1593=VERTEX_POINT('',#1591);
#1594=CARTESIAN_POINT('',(-5.623440030051E0,-6.988830014713E1,
-3.408177236654E2));
#1595=VERTEX_POINT('',#1594);
#1596=CARTESIAN_POINT('',(6.807506648162E0,-7.349494550313E1,
-3.427845144402E2));
#1597=CARTESIAN_POINT('',(6.536559969946E0,-7.310474463830E1,
-3.425717284894E2));
#1598=VERTEX_POINT('',#1596);
#1599=VERTEX_POINT('',#1597);
#1600=CARTESIAN_POINT('',(1.089247123680E1,-7.534323499363E1,
-3.437924313160E2));
#1601=VERTEX_POINT('',#1600);
#1602=CARTESIAN_POINT('',(3.786559969933E0,-8.479578413396E1,
-3.489471345409E2));
#1603=VERTEX_POINT('',#1602);
#1604=CARTESIAN_POINT('',(6.536559969942E0,-7.693485576927E1,
-3.355481789079E2));
#1605=VERTEX_POINT('',#1604);
#1606=CARTESIAN_POINT('',(-9.319351296909E0,-7.534323499360E1,
-3.437924313160E2));
#1607=VERTEX_POINT('',#1606);
#1608=CARTESIAN_POINT('',(-4.976554965613E0,-7.703473680431E1,
-3.356026464474E2));
#1609=VERTEX_POINT('',#1608);
#1610=CARTESIAN_POINT('',(6.536559969946E0,-7.245417235344E1,
-3.331047540803E2));
#1611=VERTEX_POINT('',#1610);
#1612=CARTESIAN_POINT('',(-7.314539032197E0,-8.509903268595E1,
-3.433034747525E2));
#1613=CARTESIAN_POINT('',(-7.153440030067E0,-8.451585451709E1,
-3.429854536194E2));
#1614=VERTEX_POINT('',#1612);
#1615=VERTEX_POINT('',#1613);
#1616=CARTESIAN_POINT('',(-9.319351296911E0,-7.677952666772E1,
-3.411586002229E2));
#1617=VERTEX_POINT('',#1616);
#1618=CARTESIAN_POINT('',(1.089247123679E1,-8.146193704580E1,
-3.437120316325E2));
#1619=VERTEX_POINT('',#1618);
#1620=CARTESIAN_POINT('',(1.089247123679E1,-7.677952666774E1,
-3.411586002229E2));
#1621=VERTEX_POINT('',#1620);
#1622=CARTESIAN_POINT('',(9.186559969952E0,-8.151455131363E1,
-3.380455974393E2));
#1623=CARTESIAN_POINT('',(1.238655996995E1,-8.151455131364E1,
-3.380455974393E2));
#1624=VERTEX_POINT('',#1622);
#1625=VERTEX_POINT('',#1623);
#1626=CARTESIAN_POINT('',(-1.081344003005E1,-8.151455131363E1,
-3.380455974393E2));
#1627=CARTESIAN_POINT('',(-7.613440030048E0,-8.151455131363E1,
-3.380455974393E2));
#1628=VERTEX_POINT('',#1626);
#1629=VERTEX_POINT('',#1627);
#1630=CARTESIAN_POINT('',(9.186559969955E0,-7.912073185677E1,
-3.424353159277E2));
#1631=CARTESIAN_POINT('',(1.238655996995E1,-7.912073185677E1,
-3.424353159277E2));
#1632=VERTEX_POINT('',#1630);
#1633=VERTEX_POINT('',#1631);
#1634=CARTESIAN_POINT('',(-1.081344003005E1,-7.912073185677E1,
-3.424353159277E2));
#1635=CARTESIAN_POINT('',(-7.613440030045E0,-7.912073185677E1,
-3.424353159277E2));
#1636=VERTEX_POINT('',#1634);
#1637=VERTEX_POINT('',#1635);
#1638=CARTESIAN_POINT('',(-6.179616217677E0,-8.536658528040E1,
-3.401462045471E2));
#1639=CARTESIAN_POINT('',(-9.927072908853E0,-8.404228471574E1,
-3.394240314814E2));
#1640=VERTEX_POINT('',#1638);
#1641=VERTEX_POINT('',#1639);
#1642=CARTESIAN_POINT('',(-6.179616217675E0,-8.397816999542E1,
-3.426922412704E2));
#1643=VERTEX_POINT('',#1642);
#1644=CARTESIAN_POINT('',(-9.927072908850E0,-8.265386943076E1,
-3.419700682047E2));
#1645=VERTEX_POINT('',#1644);
#1646=CARTESIAN_POINT('',(-7.153440030066E0,-8.351045034521E1,
-3.448291353846E2));
#1647=CARTESIAN_POINT('',(-9.892341027934E0,-8.292727217635E1,
-3.445111142515E2));
#1648=VERTEX_POINT('',#1646);
#1649=VERTEX_POINT('',#1647);
#1650=CARTESIAN_POINT('',(-7.314539032195E0,-8.265733683995E1,
-3.477809876107E2));
#1651=CARTESIAN_POINT('',(-7.314539032196E0,-8.409362851407E1,
-3.451471565176E2));
#1652=VERTEX_POINT('',#1650);
#1653=VERTEX_POINT('',#1651);
#1654=CARTESIAN_POINT('',(-9.892341027933E0,-8.149098050224E1,
-3.471449453446E2));
#1655=VERTEX_POINT('',#1654);
#1656=CARTESIAN_POINT('',(-9.355366363633E0,-8.000907780079E1,
-3.463368280293E2));
#1657=CARTESIAN_POINT('',(-9.229730691402E0,-8.036219911478E1,
-3.465293936059E2));
#1658=VERTEX_POINT('',#1656);
#1659=VERTEX_POINT('',#1657);
#1660=CARTESIAN_POINT('',(-9.229730691403E0,-8.179849078890E1,
-3.438955625129E2));
#1661=VERTEX_POINT('',#1660);
#1662=CARTESIAN_POINT('',(-9.355366363632E0,-8.144536947490E1,
-3.437029969362E2));
#1663=VERTEX_POINT('',#1662);
#1664=CARTESIAN_POINT('',(-6.652067541273E0,-8.152879198116E1,
-3.471655648568E2));
#1665=CARTESIAN_POINT('',(-6.652067541275E0,-8.296508365528E1,
-3.445317337637E2));
#1666=VERTEX_POINT('',#1664);
#1667=VERTEX_POINT('',#1665);
#1668=CARTESIAN_POINT('',(-6.247966376230E0,-8.141532901444E1,
-3.471036907621E2));
#1669=VERTEX_POINT('',#1668);
#1670=CARTESIAN_POINT('',(-6.247966376233E0,-8.285162068855E1,
-3.444698596691E2));
#1671=VERTEX_POINT('',#1670);
#1672=CARTESIAN_POINT('',(6.842120545289E0,-7.756658118368E1,
-3.358926740258E2));
#1673=CARTESIAN_POINT('',(6.842120545289E0,-8.546252144357E1,
-3.401985208527E2));
#1674=VERTEX_POINT('',#1672);
#1675=VERTEX_POINT('',#1673);
#1676=CARTESIAN_POINT('',(6.842120545292E0,-7.517276172682E1,
-3.402823925143E2));
#1677=CARTESIAN_POINT('',(6.842120545292E0,-8.306870198670E1,
-3.445882393411E2));
#1678=VERTEX_POINT('',#1676);
#1679=VERTEX_POINT('',#1677);
#1680=CARTESIAN_POINT('',(-5.269000605382E0,-8.306870198673E1,
-3.445882393412E2));
#1681=CARTESIAN_POINT('',(-5.269000605382E0,-7.517276172679E1,
-3.402823925143E2));
#1682=VERTEX_POINT('',#1680);
#1683=VERTEX_POINT('',#1681);
#1684=CARTESIAN_POINT('',(6.807506648151E0,-8.331022653628E1,
-3.447199485083E2));
#1685=VERTEX_POINT('',#1684);
#1686=CARTESIAN_POINT('',(-5.234386708281E0,-8.331022653627E1,
-3.447199485083E2));
#1687=VERTEX_POINT('',#1686);
#1688=CARTESIAN_POINT('',(-5.234386708273E0,-7.493123717724E1,
-3.401506833472E2));
#1689=VERTEX_POINT('',#1688);
#1690=CARTESIAN_POINT('',(6.807506648161E0,-7.493123717725E1,
-3.401506833472E2));
#1691=VERTEX_POINT('',#1690);
#1692=CARTESIAN_POINT('',(6.689340257613E0,-8.338456469391E1,
-3.447604869001E2));
#1693=CARTESIAN_POINT('',(6.689340257610E0,-8.577838415077E1,
-3.403707684116E2));
#1694=VERTEX_POINT('',#1692);
#1695=VERTEX_POINT('',#1693);
#1696=CARTESIAN_POINT('',(6.689340257615E0,-7.725071847648E1,
-3.357204264669E2));
#1697=CARTESIAN_POINT('',(6.689340257618E0,-7.485689901962E1,
-3.401101449553E2));
#1698=VERTEX_POINT('',#1696);
#1699=VERTEX_POINT('',#1697);
#1700=CARTESIAN_POINT('',(-5.116220317719E0,-7.485689901959E1,
-3.401101449553E2));
#1701=CARTESIAN_POINT('',(-5.116220317722E0,-7.725071847645E1,
-3.357204264668E2));
#1702=VERTEX_POINT('',#1700);
#1703=VERTEX_POINT('',#1701);
#1704=CARTESIAN_POINT('',(-5.269000605385E0,-7.756658118365E1,
-3.358926740258E2));
#1705=VERTEX_POINT('',#1704);
#1706=CARTESIAN_POINT('',(-5.116220317726E0,-8.577838415078E1,
-3.403707684117E2));
#1707=CARTESIAN_POINT('',(-5.116220317724E0,-8.338456469392E1,
-3.447604869001E2));
#1708=VERTEX_POINT('',#1706);
#1709=VERTEX_POINT('',#1707);
#1710=CARTESIAN_POINT('',(-5.269000605385E0,-8.546252144359E1,
-3.401985208527E2));
#1711=VERTEX_POINT('',#1710);
#1712=CARTESIAN_POINT('',(1.678655996998E1,-6.344421585344E1,
-3.281914073060E2));
#1713=CARTESIAN_POINT('',(1.678655996999E1,-5.789052403513E1,
-3.267755541993E2));
#1714=VERTEX_POINT('',#1712);
#1715=VERTEX_POINT('',#1713);
#1716=CARTESIAN_POINT('',(-1.521344003002E1,-6.344421585341E1,
-3.281914073060E2));
#1717=CARTESIAN_POINT('',(-1.521344003001E1,-5.789052403509E1,
-3.267755541993E2));
#1718=VERTEX_POINT('',#1716);
#1719=VERTEX_POINT('',#1717);
#1720=CARTESIAN_POINT('',(1.678655996999E1,-6.008416555472E1,
-3.354712924064E2));
#1721=CARTESIAN_POINT('',(1.678655996999E1,-5.735519629917E1,
-3.347755714833E2));
#1722=VERTEX_POINT('',#1720);
#1723=VERTEX_POINT('',#1721);
#1724=CARTESIAN_POINT('',(-1.521344003001E1,-6.008416555468E1,
-3.354712924064E2));
#1725=CARTESIAN_POINT('',(-1.521344003001E1,-5.735519629913E1,
-3.347755714833E2));
#1726=VERTEX_POINT('',#1724);
#1727=VERTEX_POINT('',#1725);
#1728=CARTESIAN_POINT('',(-1.271344003002E1,-8.479578413394E1,
-3.489471345409E2));
#1729=CARTESIAN_POINT('',(-1.521344003001E1,-8.260092488971E1,
-3.477502248125E2));
#1730=VERTEX_POINT('',#1728);
#1731=VERTEX_POINT('',#1729);
#1732=CARTESIAN_POINT('',(-1.521344003001E1,-8.643103602068E1,
-3.407266752309E2));
#1733=VERTEX_POINT('',#1732);
#1734=CARTESIAN_POINT('',(-1.271344003002E1,-8.862589526491E1,
-3.419235849594E2));
#1735=VERTEX_POINT('',#1734);
#1736=CARTESIAN_POINT('',(1.428655996998E1,-8.862589526495E1,
-3.419235849594E2));
#1737=CARTESIAN_POINT('',(1.678655996999E1,-8.643103602071E1,
-3.407266752309E2));
#1738=VERTEX_POINT('',#1736);
#1739=VERTEX_POINT('',#1737);
#1740=CARTESIAN_POINT('',(1.678655996999E1,-8.260092488974E1,
-3.477502248125E2));
#1741=VERTEX_POINT('',#1740);
#1742=CARTESIAN_POINT('',(1.428655996998E1,-8.479578413397E1,
-3.489471345409E2));
#1743=VERTEX_POINT('',#1742);
#1744=CARTESIAN_POINT('',(1.678655996999E1,-2.597381792492E1,
-3.347756643508E2));
#1745=CARTESIAN_POINT('',(-1.521344003001E1,-2.597381792489E1,
-3.347756643508E2));
#1746=VERTEX_POINT('',#1744);
#1747=VERTEX_POINT('',#1745);
#1748=CARTESIAN_POINT('',(1.678655996999E1,-2.097383114840E1,
-3.397756825109E2));
#1749=CARTESIAN_POINT('',(-1.521344003001E1,-2.097383114837E1,
-3.397756825109E2));
#1750=VERTEX_POINT('',#1748);
#1751=VERTEX_POINT('',#1749);
#1752=CARTESIAN_POINT('',(-8.463440030015E0,-2.097389504403E1,
-3.639356666427E2));
#1753=CARTESIAN_POINT('',(-7.463440030015E0,-2.097389768872E1,
-3.649356666427E2));
#1754=VERTEX_POINT('',#1752);
#1755=VERTEX_POINT('',#1753);
#1756=CARTESIAN_POINT('',(9.036559969984E0,-2.097389768874E1,
-3.649356666427E2));
#1757=CARTESIAN_POINT('',(1.003655996998E1,-2.097389504405E1,
-3.639356666427E2));
#1758=VERTEX_POINT('',#1756);
#1759=VERTEX_POINT('',#1757);
#1760=CARTESIAN_POINT('',(1.578655996999E1,-2.097387983709E1,
-3.581856666427E2));
#1761=CARTESIAN_POINT('',(1.678655996999E1,-2.097387719240E1,
-3.571856666427E2));
#1762=VERTEX_POINT('',#1760);
#1763=VERTEX_POINT('',#1761);
#1764=CARTESIAN_POINT('',(-1.521344003001E1,-2.097387719237E1,
-3.571856666427E2));
#1765=CARTESIAN_POINT('',(-1.421344003001E1,-2.097387983706E1,
-3.581856666427E2));
#1766=VERTEX_POINT('',#1764);
#1767=VERTEX_POINT('',#1765);
#1768=CARTESIAN_POINT('',(-8.463440030015E0,-2.097388843231E1,
-3.614356666427E2));
#1769=VERTEX_POINT('',#1768);
#1770=CARTESIAN_POINT('',(1.003655996998E1,-2.097388843233E1,
-3.614356666427E2));
#1771=VERTEX_POINT('',#1770);
#1772=CARTESIAN_POINT('',(-1.171344003002E1,-2.097387983706E1,
-3.581856666427E2));
#1773=VERTEX_POINT('',#1772);
#1774=CARTESIAN_POINT('',(1.328655996998E1,-2.097387983709E1,
-3.581856666427E2));
#1775=VERTEX_POINT('',#1774);
#1776=CARTESIAN_POINT('',(-1.521344003001E1,-1.397379676737E1,
-3.267756802189E2));
#1777=CARTESIAN_POINT('',(1.678655996999E1,-1.397379676741E1,
-3.267756802189E2));
#1778=VERTEX_POINT('',#1776);
#1779=VERTEX_POINT('',#1777);
#1780=CARTESIAN_POINT('',(1.498655997E1,-1.097388843237E1,-3.614356930896E2));
#1781=CARTESIAN_POINT('',(1.158655997E1,-1.097388843236E1,-3.614356930896E2));
#1782=VERTEX_POINT('',#1780);
#1783=VERTEX_POINT('',#1781);
#1784=CARTESIAN_POINT('',(-1.001344003E1,-1.097388843234E1,-3.614356930896E2));
#1785=CARTESIAN_POINT('',(-1.341344003E1,-1.097388843234E1,-3.614356930896E2));
#1786=VERTEX_POINT('',#1784);
#1787=VERTEX_POINT('',#1785);
#1788=CARTESIAN_POINT('',(-1.171344002996E1,-1.397387639403E1,
-3.568838116026E2));
#1789=CARTESIAN_POINT('',(1.328655996978E1,-1.397387639406E1,
-3.568838116026E2));
#1790=VERTEX_POINT('',#1788);
#1791=VERTEX_POINT('',#1789);
#1792=CARTESIAN_POINT('',(1.328655996996E1,-1.207266729012E1,
-3.649356901837E2));
#1793=CARTESIAN_POINT('',(-1.171344003E1,-1.207266729008E1,-3.649356901837E2));
#1794=VERTEX_POINT('',#1792);
#1795=VERTEX_POINT('',#1793);
#1796=CARTESIAN_POINT('',(1.328655997001E1,-1.097389607179E1,
-3.643242849640E2));
#1797=CARTESIAN_POINT('',(-1.171344002995E1,-1.097389607177E1,
-3.643242849640E2));
#1798=VERTEX_POINT('',#1796);
#1799=VERTEX_POINT('',#1797);
#1800=CARTESIAN_POINT('',(-1.171344002992E1,-1.097388080894E1,
-3.585531634780E2));
#1801=VERTEX_POINT('',#1800);
#1802=CARTESIAN_POINT('',(1.328655996981E1,-1.097388080897E1,
-3.585531634780E2));
#1803=VERTEX_POINT('',#1802);
#1804=VERTEX_POINT('',#1319);
#1805=VERTEX_POINT('',#1383);
#1806=CARTESIAN_POINT('',(-1.001344003001E1,-1.657388843232E1,
-3.614356782794E2));
#1807=CARTESIAN_POINT('',(-1.341344003001E1,-1.657388843232E1,
-3.614356782794E2));
#1808=VERTEX_POINT('',#1806);
#1809=VERTEX_POINT('',#1807);
#1810=CARTESIAN_POINT('',(1.498655996999E1,-1.657388843235E1,
-3.614356782794E2));
#1811=CARTESIAN_POINT('',(1.158655996999E1,-1.657388843234E1,
-3.614356782794E2));
#1812=VERTEX_POINT('',#1810);
#1813=VERTEX_POINT('',#1811);
#1814=CARTESIAN_POINT('',(-8.463440030011E0,-1.657388843232E1,
-3.614356782794E2));
#1815=VERTEX_POINT('',#1814);
#1816=CARTESIAN_POINT('',(1.003655996999E1,-1.657388843234E1,
-3.614356782794E2));
#1817=VERTEX_POINT('',#1816);
#1818=CARTESIAN_POINT('',(-1.171344003001E1,-1.657387983708E1,
-3.581856782794E2));
#1819=VERTEX_POINT('',#1818);
#1820=CARTESIAN_POINT('',(1.328655996999E1,-1.657387983710E1,
-3.581856782794E2));
#1821=VERTEX_POINT('',#1820);
#1822=CARTESIAN_POINT('',(-8.463440030011E0,-1.657389504404E1,
-3.639356782794E2));
#1823=VERTEX_POINT('',#1822);
#1824=CARTESIAN_POINT('',(-7.463440030011E0,-1.657389768874E1,
-3.649356782793E2));
#1825=VERTEX_POINT('',#1824);
#1826=CARTESIAN_POINT('',(1.003655996999E1,-1.657389504406E1,
-3.639356782794E2));
#1827=VERTEX_POINT('',#1826);
#1828=CARTESIAN_POINT('',(9.036559969989E0,-1.657389768875E1,
-3.649356782793E2));
#1829=VERTEX_POINT('',#1828);
#1830=CARTESIAN_POINT('',(1.578655996999E1,-1.657387983711E1,
-3.581856782794E2));
#1831=VERTEX_POINT('',#1830);
#1832=CARTESIAN_POINT('',(1.678655996999E1,-1.657387719242E1,
-3.571856782794E2));
#1833=VERTEX_POINT('',#1832);
#1834=CARTESIAN_POINT('',(-1.421344003001E1,-1.657387983707E1,
-3.581856782794E2));
#1835=VERTEX_POINT('',#1834);
#1836=CARTESIAN_POINT('',(-1.521344003001E1,-1.657387719238E1,
-3.571856782794E2));
#1837=VERTEX_POINT('',#1836);
#1838=CARTESIAN_POINT('',(-1.521344003001E1,-1.657388843232E1,
-3.614356782794E2));
#1839=CARTESIAN_POINT('',(-1.171344003001E1,-1.657389768873E1,
-3.649356782793E2));
#1840=VERTEX_POINT('',#1838);
#1841=VERTEX_POINT('',#1839);
#1842=CARTESIAN_POINT('',(1.328655996999E1,-1.657389768876E1,
-3.649356782793E2));
#1843=CARTESIAN_POINT('',(1.678655996999E1,-1.657388843235E1,
-3.614356782794E2));
#1844=VERTEX_POINT('',#1842);
#1845=VERTEX_POINT('',#1843);
#1846=CARTESIAN_POINT('',(-1.521344003001E1,-1.397388073110E1,
-3.585237280051E2));
#1847=VERTEX_POINT('',#1846);
#1848=CARTESIAN_POINT('',(1.678655996999E1,-1.397388073114E1,
-3.585237280052E2));
#1849=VERTEX_POINT('',#1848);
#1850=CARTESIAN_POINT('',(1.678655996999E1,-9.540978082139E1,
-3.649354549727E2));
#1851=DIRECTION('',(-1.E0,0.E0,0.E0));
#1852=DIRECTION('',(0.E0,9.999999999965E-1,-2.644689415410E-6));
#1853=AXIS2_PLACEMENT_3D('',#1850,#1851,#1852);
#1854=PLANE('',#1853);
#1856=ORIENTED_EDGE('',*,*,#1855,.F.);
#1858=ORIENTED_EDGE('',*,*,#1857,.F.);
#1860=ORIENTED_EDGE('',*,*,#1859,.T.);
#1862=ORIENTED_EDGE('',*,*,#1861,.F.);
#1864=ORIENTED_EDGE('',*,*,#1863,.F.);
#1866=ORIENTED_EDGE('',*,*,#1865,.F.);
#1868=ORIENTED_EDGE('',*,*,#1867,.F.);
#1870=ORIENTED_EDGE('',*,*,#1869,.F.);
#1872=ORIENTED_EDGE('',*,*,#1871,.F.);
#1874=ORIENTED_EDGE('',*,*,#1873,.T.);
#1876=ORIENTED_EDGE('',*,*,#1875,.T.);
#1878=ORIENTED_EDGE('',*,*,#1877,.F.);
#1880=ORIENTED_EDGE('',*,*,#1879,.T.);
#1882=ORIENTED_EDGE('',*,*,#1881,.F.);
#1883=EDGE_LOOP('',(#1856,#1858,#1860,#1862,#1864,#1866,#1868,#1870,#1872,#1874,
#1876,#1878,#1880,#1882));
#1884=FACE_OUTER_BOUND('',#1883,.F.);
#1885=ADVANCED_FACE('',(#1884),#1854,.F.);
#1886=CARTESIAN_POINT('',(1.578655997E1,-1.397380146109E1,-3.285504374180E2));
#1887=DIRECTION('',(-1.084854747449E-12,-9.999999999965E-1,2.644689415410E-6));
#1888=DIRECTION('',(1.E0,-1.084854770638E-12,0.E0));
#1889=AXIS2_PLACEMENT_3D('',#1886,#1887,#1888);
#1890=PLANE('',#1889);
#1892=ORIENTED_EDGE('',*,*,#1891,.F.);
#1894=ORIENTED_EDGE('',*,*,#1893,.T.);
#1896=ORIENTED_EDGE('',*,*,#1895,.F.);
#1897=ORIENTED_EDGE('',*,*,#1855,.T.);
#1899=ORIENTED_EDGE('',*,*,#1898,.F.);
#1901=ORIENTED_EDGE('',*,*,#1900,.T.);
#1902=EDGE_LOOP('',(#1892,#1894,#1896,#1897,#1899,#1901));
#1903=FACE_OUTER_BOUND('',#1902,.F.);
#1904=ADVANCED_FACE('',(#1903),#1890,.F.);
#1905=CARTESIAN_POINT('',(-1.171344002998E1,-1.247388844035E1,
-3.614387202540E2));
#1906=DIRECTION('',(-1.084856654968E-12,-9.999999999965E-1,2.644689415410E-6));
#1907=DIRECTION('',(-2.730349766607E-13,-2.644689415410E-6,-9.999999999965E-1));
#1908=AXIS2_PLACEMENT_3D('',#1905,#1906,#1907);
#1909=CONICAL_SURFACE('',#1908,3.720232713650E0,2.909366199926E1);
#1910=ORIENTED_EDGE('',*,*,#1891,.T.);
#1912=ORIENTED_EDGE('',*,*,#1911,.T.);
#1914=ORIENTED_EDGE('',*,*,#1913,.F.);
#1916=ORIENTED_EDGE('',*,*,#1915,.F.);
#1918=ORIENTED_EDGE('',*,*,#1917,.T.);
#1920=ORIENTED_EDGE('',*,*,#1919,.T.);
#1921=EDGE_LOOP('',(#1910,#1912,#1914,#1916,#1918,#1920));
#1922=FACE_OUTER_BOUND('',#1921,.F.);
#1923=ADVANCED_FACE('',(#1922),#1909,.T.);
#1924=CARTESIAN_POINT('',(-1.521344003001E1,2.307918268926E0,
-3.649357134056E2));
#1925=DIRECTION('',(1.E0,0.E0,0.E0));
#1926=DIRECTION('',(0.E0,-9.999999999965E-1,2.644689415410E-6));
#1927=AXIS2_PLACEMENT_3D('',#1924,#1925,#1926);
#1928=PLANE('',#1927);
#1929=ORIENTED_EDGE('',*,*,#1911,.F.);
#1930=ORIENTED_EDGE('',*,*,#1900,.F.);
#1932=ORIENTED_EDGE('',*,*,#1931,.F.);
#1934=ORIENTED_EDGE('',*,*,#1933,.F.);
#1936=ORIENTED_EDGE('',*,*,#1935,.T.);
#1938=ORIENTED_EDGE('',*,*,#1937,.T.);
#1940=ORIENTED_EDGE('',*,*,#1939,.F.);
#1942=ORIENTED_EDGE('',*,*,#1941,.T.);
#1944=ORIENTED_EDGE('',*,*,#1943,.F.);
#1946=ORIENTED_EDGE('',*,*,#1945,.F.);
#1948=ORIENTED_EDGE('',*,*,#1947,.F.);
#1950=ORIENTED_EDGE('',*,*,#1949,.F.);
#1952=ORIENTED_EDGE('',*,*,#1951,.F.);
#1954=ORIENTED_EDGE('',*,*,#1953,.T.);
#1955=EDGE_LOOP('',(#1929,#1930,#1932,#1934,#1936,#1938,#1940,#1942,#1944,#1946,
#1948,#1950,#1952,#1954));
#1956=FACE_OUTER_BOUND('',#1955,.F.);
#1957=ADVANCED_FACE('',(#1956),#1928,.F.);
#1958=CARTESIAN_POINT('',(6.173655996995E1,-6.812814924999E1,
-3.267755271240E2));
#1959=DIRECTION('',(0.E0,-2.644689414910E-6,-9.999999999965E-1));
#1960=DIRECTION('',(1.085035809212E-12,9.999999999965E-1,-2.644689414855E-6));
#1961=AXIS2_PLACEMENT_3D('',#1958,#1959,#1960);
#1962=PLANE('',#1961);
#1963=ORIENTED_EDGE('',*,*,#1931,.T.);
#1964=ORIENTED_EDGE('',*,*,#1898,.T.);
#1965=ORIENTED_EDGE('',*,*,#1881,.T.);
#1967=ORIENTED_EDGE('',*,*,#1966,.T.);
#1968=EDGE_LOOP('',(#1963,#1964,#1965,#1967));
#1969=FACE_OUTER_BOUND('',#1968,.F.);
#1970=ADVANCED_FACE('',(#1969),#1962,.F.);
#1971=CARTESIAN_POINT('',(8.357375997015E1,-5.789055471360E1,
-3.383755541993E2));
#1972=DIRECTION('',(-1.E0,1.085240112135E-12,0.E0));
#1973=DIRECTION('',(-5.208928249030E-13,-4.787638913722E-1,8.779436976926E-1));
#1974=AXIS2_PLACEMENT_3D('',#1971,#1972,#1973);
#1975=CYLINDRICAL_SURFACE('',#1974,1.16E1);
#1976=ORIENTED_EDGE('',*,*,#1879,.F.);
#1978=ORIENTED_EDGE('',*,*,#1977,.T.);
#1979=ORIENTED_EDGE('',*,*,#1933,.T.);
#1980=ORIENTED_EDGE('',*,*,#1966,.F.);
#1981=EDGE_LOOP('',(#1976,#1978,#1979,#1980));
#1982=FACE_OUTER_BOUND('',#1981,.F.);
#1983=ADVANCED_FACE('',(#1982),#1975,.T.);
#1984=CARTESIAN_POINT('',(1.578655996993E1,-8.862589526495E1,
-3.419235849594E2));
#1985=DIRECTION('',(5.207158494284E-13,4.787638913722E-1,-8.779436976926E-1));
#1986=DIRECTION('',(1.E0,-1.084942221660E-12,0.E0));
#1987=AXIS2_PLACEMENT_3D('',#1984,#1985,#1986);
#1988=PLANE('',#1987);
#1990=ORIENTED_EDGE('',*,*,#1989,.F.);
#1991=ORIENTED_EDGE('',*,*,#1935,.F.);
#1992=ORIENTED_EDGE('',*,*,#1977,.F.);
#1993=ORIENTED_EDGE('',*,*,#1877,.T.);
#1995=ORIENTED_EDGE('',*,*,#1994,.F.);
#1997=ORIENTED_EDGE('',*,*,#1996,.F.);
#1999=ORIENTED_EDGE('',*,*,#1998,.F.);
#2001=ORIENTED_EDGE('',*,*,#2000,.T.);
#2003=ORIENTED_EDGE('',*,*,#2002,.F.);
#2005=ORIENTED_EDGE('',*,*,#2004,.F.);
#2007=ORIENTED_EDGE('',*,*,#2006,.T.);
#2009=ORIENTED_EDGE('',*,*,#2008,.F.);
#2011=ORIENTED_EDGE('',*,*,#2010,.T.);
#2013=ORIENTED_EDGE('',*,*,#2012,.F.);
#2015=ORIENTED_EDGE('',*,*,#2014,.F.);
#2017=ORIENTED_EDGE('',*,*,#2016,.F.);
#2019=ORIENTED_EDGE('',*,*,#2018,.F.);
#2021=ORIENTED_EDGE('',*,*,#2020,.F.);
#2023=ORIENTED_EDGE('',*,*,#2022,.T.);
#2025=ORIENTED_EDGE('',*,*,#2024,.F.);
#2027=ORIENTED_EDGE('',*,*,#2026,.F.);
#2029=ORIENTED_EDGE('',*,*,#2028,.F.);
#2031=ORIENTED_EDGE('',*,*,#2030,.T.);
#2033=ORIENTED_EDGE('',*,*,#2032,.F.);
#2035=ORIENTED_EDGE('',*,*,#2034,.T.);
#2037=ORIENTED_EDGE('',*,*,#2036,.F.);
#2039=ORIENTED_EDGE('',*,*,#2038,.T.);
#2041=ORIENTED_EDGE('',*,*,#2040,.T.);
#2043=ORIENTED_EDGE('',*,*,#2042,.F.);
#2045=ORIENTED_EDGE('',*,*,#2044,.F.);
#2047=ORIENTED_EDGE('',*,*,#2046,.T.);
#2049=ORIENTED_EDGE('',*,*,#2048,.T.);
#2051=ORIENTED_EDGE('',*,*,#2050,.F.);
#2053=ORIENTED_EDGE('',*,*,#2052,.F.);
#2055=ORIENTED_EDGE('',*,*,#2054,.F.);
#2057=ORIENTED_EDGE('',*,*,#2056,.F.);
#2059=ORIENTED_EDGE('',*,*,#2058,.F.);
#2061=ORIENTED_EDGE('',*,*,#2060,.F.);
#2063=ORIENTED_EDGE('',*,*,#2062,.F.);
#2065=ORIENTED_EDGE('',*,*,#2064,.T.);
#2067=ORIENTED_EDGE('',*,*,#2066,.F.);
#2069=ORIENTED_EDGE('',*,*,#2068,.T.);
#2071=ORIENTED_EDGE('',*,*,#2070,.F.);
#2073=ORIENTED_EDGE('',*,*,#2072,.F.);
#2075=ORIENTED_EDGE('',*,*,#2074,.T.);
#2077=ORIENTED_EDGE('',*,*,#2076,.F.);
#2079=ORIENTED_EDGE('',*,*,#2078,.F.);
#2080=EDGE_LOOP('',(#1990,#1991,#1992,#1993,#1995,#1997,#1999,#2001,#2003,#2005,
#2007,#2009,#2011,#2013,#2015,#2017,#2019,#2021,#2023,#2025,#2027,#2029,#2031,
#2033,#2035,#2037,#2039,#2041,#2043,#2045,#2047,#2049,#2051,#2053,#2055,#2057,
#2059,#2061,#2063,#2065,#2067,#2069,#2071,#2073,#2075,#2077,#2079));
#2081=FACE_OUTER_BOUND('',#2080,.F.);
#2083=ORIENTED_EDGE('',*,*,#2082,.T.);
#2085=ORIENTED_EDGE('',*,*,#2084,.T.);
#2086=EDGE_LOOP('',(#2083,#2085));
#2087=FACE_BOUND('',#2086,.F.);
#2089=ORIENTED_EDGE('',*,*,#2088,.T.);
#2091=ORIENTED_EDGE('',*,*,#2090,.T.);
#2092=EDGE_LOOP('',(#2089,#2091));
#2093=FACE_BOUND('',#2092,.F.);
#2095=ORIENTED_EDGE('',*,*,#2094,.T.);
#2097=ORIENTED_EDGE('',*,*,#2096,.F.);
#2098=EDGE_LOOP('',(#2095,#2097));
#2099=FACE_BOUND('',#2098,.F.);
#2101=ORIENTED_EDGE('',*,*,#2100,.F.);
#2103=ORIENTED_EDGE('',*,*,#2102,.F.);
#2104=EDGE_LOOP('',(#2101,#2103));
#2105=FACE_BOUND('',#2104,.F.);
#2106=ADVANCED_FACE('',(#2081,#2087,#2093,#2099,#2105),#1988,.F.);
#2107=CARTESIAN_POINT('',(1.017655996995E1,-6.938136941152E1,
-3.314290804605E2));
#2108=DIRECTION('',(-5.207158494284E-13,-4.787638913722E-1,8.779436976926E-1));
#2109=DIRECTION('',(-1.E0,1.084942221660E-12,0.E0));
#2110=AXIS2_PLACEMENT_3D('',#2107,#2108,#2109);
#2111=CYLINDRICAL_SURFACE('',#2110,2.5E0);
#2113=ORIENTED_EDGE('',*,*,#2112,.F.);
#2114=ORIENTED_EDGE('',*,*,#2100,.T.);
#2116=ORIENTED_EDGE('',*,*,#2115,.T.);
#2118=ORIENTED_EDGE('',*,*,#2117,.T.);
#2119=EDGE_LOOP('',(#2113,#2114,#2116,#2118));
#2120=FACE_OUTER_BOUND('',#2119,.F.);
#2121=ADVANCED_FACE('',(#2120),#2111,.F.);
#2122=CARTESIAN_POINT('',(1.017655996995E1,-6.938136941152E1,
-3.314290804605E2));
#2123=DIRECTION('',(-5.207158494284E-13,-4.787638913722E-1,8.779436976926E-1));
#2124=DIRECTION('',(-1.E0,1.084942221660E-12,0.E0));
#2125=AXIS2_PLACEMENT_3D('',#2122,#2123,#2124);
#2126=CYLINDRICAL_SURFACE('',#2125,2.5E0);
#2128=ORIENTED_EDGE('',*,*,#2127,.T.);
#2129=ORIENTED_EDGE('',*,*,#2115,.F.);
#2130=ORIENTED_EDGE('',*,*,#2102,.T.);
#2131=ORIENTED_EDGE('',*,*,#2112,.T.);
#2132=EDGE_LOOP('',(#2128,#2129,#2130,#2131));
#2133=FACE_OUTER_BOUND('',#2132,.F.);
#2134=ADVANCED_FACE('',(#2133),#2126,.F.);
#2135=CARTESIAN_POINT('',(1.017655996995E1,-6.926597248819E1,
-3.346693248263E2));
#2136=DIRECTION('',(5.207158494284E-13,4.787638913722E-1,-8.779436976926E-1));
#2137=DIRECTION('',(1.E0,-1.084942221660E-12,0.E0));
#2138=AXIS2_PLACEMENT_3D('',#2135,#2136,#2137);
#2139=PLANE('',#2138);
#2140=ORIENTED_EDGE('',*,*,#2117,.F.);
#2141=ORIENTED_EDGE('',*,*,#2127,.F.);
#2142=EDGE_LOOP('',(#2140,#2141));
#2143=FACE_OUTER_BOUND('',#2142,.F.);
#2145=ORIENTED_EDGE('',*,*,#2144,.F.);
#2147=ORIENTED_EDGE('',*,*,#2146,.F.);
#2148=EDGE_LOOP('',(#2145,#2147));
#2149=FACE_BOUND('',#2148,.F.);
#2150=ADVANCED_FACE('',(#2143,#2149),#2139,.F.);
#2151=CARTESIAN_POINT('',(1.017655996995E1,-6.938136941152E1,
-3.314290804605E2));
#2152=DIRECTION('',(-5.207158494284E-13,-4.787638913722E-1,8.779436976926E-1));
#2153=DIRECTION('',(-1.E0,1.084942221660E-12,0.E0));
#2154=AXIS2_PLACEMENT_3D('',#2151,#2152,#2153);
#2155=CYLINDRICAL_SURFACE('',#2154,1.45E0);
#2157=ORIENTED_EDGE('',*,*,#2156,.F.);
#2158=ORIENTED_EDGE('',*,*,#2144,.T.);
#2160=ORIENTED_EDGE('',*,*,#2159,.T.);
#2162=ORIENTED_EDGE('',*,*,#2161,.T.);
#2163=EDGE_LOOP('',(#2157,#2158,#2160,#2162));
#2164=FACE_OUTER_BOUND('',#2163,.F.);
#2165=ADVANCED_FACE('',(#2164),#2155,.F.);
#2166=CARTESIAN_POINT('',(1.017655996995E1,-6.938136941152E1,
-3.314290804605E2));
#2167=DIRECTION('',(-5.207158494284E-13,-4.787638913722E-1,8.779436976926E-1));
#2168=DIRECTION('',(-1.E0,1.084942221660E-12,0.E0));
#2169=AXIS2_PLACEMENT_3D('',#2166,#2167,#2168);
#2170=CYLINDRICAL_SURFACE('',#2169,1.45E0);
#2172=ORIENTED_EDGE('',*,*,#2171,.F.);
#2173=ORIENTED_EDGE('',*,*,#2159,.F.);
#2174=ORIENTED_EDGE('',*,*,#2146,.T.);
#2175=ORIENTED_EDGE('',*,*,#2156,.T.);
#2176=EDGE_LOOP('',(#2172,#2173,#2174,#2175));
#2177=FACE_OUTER_BOUND('',#2176,.F.);
#2178=ADVANCED_FACE('',(#2177),#2170,.F.);
#2179=CARTESIAN_POINT('',(1.578655996996E1,-5.670158580781E1,
-3.336266900170E2));
#2180=DIRECTION('',(-5.207158494288E-13,-4.787638913722E-1,8.779436976926E-1));
#2181=DIRECTION('',(-9.518177007490E-13,-8.779436976926E-1,-4.787638913722E-1));
#2182=AXIS2_PLACEMENT_3D('',#2179,#2180,#2181);
#2183=PLANE('',#2182);
#2185=ORIENTED_EDGE('',*,*,#2184,.F.);
#2187=ORIENTED_EDGE('',*,*,#2186,.F.);
#2189=ORIENTED_EDGE('',*,*,#2188,.F.);
#2191=ORIENTED_EDGE('',*,*,#2190,.F.);
#2193=ORIENTED_EDGE('',*,*,#2192,.F.);
#2195=ORIENTED_EDGE('',*,*,#2194,.F.);
#2197=ORIENTED_EDGE('',*,*,#2196,.F.);
#2199=ORIENTED_EDGE('',*,*,#2198,.F.);
#2201=ORIENTED_EDGE('',*,*,#2200,.F.);
#2203=ORIENTED_EDGE('',*,*,#2202,.F.);
#2205=ORIENTED_EDGE('',*,*,#2204,.F.);
#2207=ORIENTED_EDGE('',*,*,#2206,.F.);
#2209=ORIENTED_EDGE('',*,*,#2208,.T.);
#2211=ORIENTED_EDGE('',*,*,#2210,.T.);
#2213=ORIENTED_EDGE('',*,*,#2212,.T.);
#2215=ORIENTED_EDGE('',*,*,#2214,.F.);
#2217=ORIENTED_EDGE('',*,*,#2216,.F.);
#2219=ORIENTED_EDGE('',*,*,#2218,.F.);
#2221=ORIENTED_EDGE('',*,*,#2220,.F.);
#2223=ORIENTED_EDGE('',*,*,#2222,.F.);
#2225=ORIENTED_EDGE('',*,*,#2224,.F.);
#2227=ORIENTED_EDGE('',*,*,#2226,.T.);
#2229=ORIENTED_EDGE('',*,*,#2228,.F.);
#2231=ORIENTED_EDGE('',*,*,#2230,.F.);
#2233=ORIENTED_EDGE('',*,*,#2232,.F.);
#2235=ORIENTED_EDGE('',*,*,#2234,.F.);
#2237=ORIENTED_EDGE('',*,*,#2236,.F.);
#2239=ORIENTED_EDGE('',*,*,#2238,.F.);
#2241=ORIENTED_EDGE('',*,*,#2240,.F.);
#2243=ORIENTED_EDGE('',*,*,#2242,.F.);
#2245=ORIENTED_EDGE('',*,*,#2244,.F.);
#2247=ORIENTED_EDGE('',*,*,#2246,.F.);
#2249=ORIENTED_EDGE('',*,*,#2248,.F.);
#2251=ORIENTED_EDGE('',*,*,#2250,.F.);
#2253=ORIENTED_EDGE('',*,*,#2252,.F.);
#2255=ORIENTED_EDGE('',*,*,#2254,.F.);
#2257=ORIENTED_EDGE('',*,*,#2256,.F.);
#2259=ORIENTED_EDGE('',*,*,#2258,.T.);
#2261=ORIENTED_EDGE('',*,*,#2260,.F.);
#2263=ORIENTED_EDGE('',*,*,#2262,.F.);
#2265=ORIENTED_EDGE('',*,*,#2264,.F.);
#2267=ORIENTED_EDGE('',*,*,#2266,.F.);
#2269=ORIENTED_EDGE('',*,*,#2268,.F.);
#2271=ORIENTED_EDGE('',*,*,#2270,.F.);
#2273=ORIENTED_EDGE('',*,*,#2272,.F.);
#2275=ORIENTED_EDGE('',*,*,#2274,.F.);
#2277=ORIENTED_EDGE('',*,*,#2276,.F.);
#2279=ORIENTED_EDGE('',*,*,#2278,.F.);
#2281=ORIENTED_EDGE('',*,*,#2280,.F.);
#2282=ORIENTED_EDGE('',*,*,#1873,.F.);
#2284=ORIENTED_EDGE('',*,*,#2283,.T.);
#2285=ORIENTED_EDGE('',*,*,#1939,.T.);
#2286=EDGE_LOOP('',(#2185,#2187,#2189,#2191,#2193,#2195,#2197,#2199,#2201,#2203,
#2205,#2207,#2209,#2211,#2213,#2215,#2217,#2219,#2221,#2223,#2225,#2227,#2229,
#2231,#2233,#2235,#2237,#2239,#2241,#2243,#2245,#2247,#2249,#2251,#2253,#2255,
#2257,#2259,#2261,#2263,#2265,#2267,#2269,#2271,#2273,#2275,#2277,#2279,#2281,
#2282,#2284,#2285));
#2287=FACE_OUTER_BOUND('',#2286,.F.);
#2288=ORIENTED_EDGE('',*,*,#2161,.F.);
#2289=ORIENTED_EDGE('',*,*,#2171,.T.);
#2290=EDGE_LOOP('',(#2288,#2289));
#2291=FACE_BOUND('',#2290,.F.);
#2292=ADVANCED_FACE('',(#2287,#2291),#2183,.F.);
#2293=CARTESIAN_POINT('',(-1.271344003001E1,-1.325886409146E2,
-2.560841634471E2));
#2294=DIRECTION('',(0.E0,4.787638913722E-1,-8.779436976926E-1));
#2295=DIRECTION('',(-9.514167231828E-13,-8.779436976926E-1,-4.787638913722E-1));
#2296=AXIS2_PLACEMENT_3D('',#2293,#2294,#2295);
#2297=CYLINDRICAL_SURFACE('',#2296,2.5E0);
#2298=ORIENTED_EDGE('',*,*,#2184,.T.);
#2299=ORIENTED_EDGE('',*,*,#1937,.F.);
#2300=ORIENTED_EDGE('',*,*,#1989,.T.);
#2302=ORIENTED_EDGE('',*,*,#2301,.T.);
#2303=EDGE_LOOP('',(#2298,#2299,#2300,#2302));
#2304=FACE_OUTER_BOUND('',#2303,.F.);
#2305=ADVANCED_FACE('',(#2304),#2297,.T.);
#2306=CARTESIAN_POINT('',(1.578655996993E1,-8.479578413397E1,
-3.489471345409E2));
#2307=DIRECTION('',(9.518177007495E-13,8.779436976926E-1,4.787638913722E-1));
#2308=DIRECTION('',(-1.E0,1.084942221660E-12,0.E0));
#2309=AXIS2_PLACEMENT_3D('',#2306,#2307,#2308);
#2310=PLANE('',#2309);
#2311=ORIENTED_EDGE('',*,*,#2301,.F.);
#2312=ORIENTED_EDGE('',*,*,#2078,.T.);
#2314=ORIENTED_EDGE('',*,*,#2313,.T.);
#2315=ORIENTED_EDGE('',*,*,#2186,.T.);
#2316=EDGE_LOOP('',(#2311,#2312,#2314,#2315));
#2317=FACE_OUTER_BOUND('',#2316,.F.);
#2318=ADVANCED_FACE('',(#2317),#2310,.F.);
#2319=CARTESIAN_POINT('',(-2.213440030066E0,-8.435681228510E1,
-3.487077525952E2));
#2320=DIRECTION('',(5.207158494284E-13,4.787638913722E-1,-8.779436976926E-1));
#2321=DIRECTION('',(1.E0,-1.084942221660E-12,0.E0));
#2322=AXIS2_PLACEMENT_3D('',#2319,#2320,#2321);
#2323=CYLINDRICAL_SURFACE('',#2322,5.E-1);
#2324=ORIENTED_EDGE('',*,*,#2188,.T.);
#2325=ORIENTED_EDGE('',*,*,#2313,.F.);
#2326=ORIENTED_EDGE('',*,*,#2076,.T.);
#2328=ORIENTED_EDGE('',*,*,#2327,.F.);
#2329=EDGE_LOOP('',(#2324,#2325,#2326,#2328));
#2330=FACE_OUTER_BOUND('',#2329,.F.);
#2331=ADVANCED_FACE('',(#2330),#2323,.T.);
#2332=CARTESIAN_POINT('',(-1.713440030048E0,-6.722756159086E1,
-3.416448091115E2));
#2333=DIRECTION('',(1.E0,-1.084982465308E-12,0.E0));
#2334=DIRECTION('',(9.518635625014E-13,8.779436976926E-1,4.787638913722E-1));
#2335=AXIS2_PLACEMENT_3D('',#2332,#2333,#2334);
#2336=PLANE('',#2335);
#2337=ORIENTED_EDGE('',*,*,#2190,.T.);
#2338=ORIENTED_EDGE('',*,*,#2327,.T.);
#2339=ORIENTED_EDGE('',*,*,#2074,.F.);
#2341=ORIENTED_EDGE('',*,*,#2340,.T.);
#2342=EDGE_LOOP('',(#2337,#2338,#2339,#2341));
#2343=FACE_OUTER_BOUND('',#2342,.F.);
#2344=ADVANCED_FACE('',(#2343),#2336,.T.);
#2345=CARTESIAN_POINT('',(-2.213440030065E0,-8.277710804621E1,
-3.501243521501E2));
#2346=DIRECTION('',(5.207158494284E-13,4.787638913722E-1,-8.779436976926E-1));
#2347=DIRECTION('',(1.E0,-1.084942221660E-12,0.E0));
#2348=AXIS2_PLACEMENT_3D('',#2345,#2346,#2347);
#2349=CYLINDRICAL_SURFACE('',#2348,5.E-1);
#2350=ORIENTED_EDGE('',*,*,#2072,.T.);
#2352=ORIENTED_EDGE('',*,*,#2351,.F.);
#2353=ORIENTED_EDGE('',*,*,#2192,.T.);
#2354=ORIENTED_EDGE('',*,*,#2340,.F.);
#2355=EDGE_LOOP('',(#2350,#2352,#2353,#2354));
#2356=FACE_OUTER_BOUND('',#2355,.F.);
#2357=ADVANCED_FACE('',(#2356),#2349,.T.);
#2358=CARTESIAN_POINT('',(-5.877599607648E-1,-8.301882711202E1,
-3.502561673916E2));
#2359=DIRECTION('',(4.581066435674E-1,7.804017296751E-1,4.255719016094E-1));
#2360=DIRECTION('',(-8.888972399099E-1,4.021918405914E-1,2.193249193374E-1));
#2361=AXIS2_PLACEMENT_3D('',#2358,#2359,#2360);
#2362=PLANE('',#2361);
#2363=ORIENTED_EDGE('',*,*,#2070,.T.);
#2365=ORIENTED_EDGE('',*,*,#2364,.T.);
#2366=ORIENTED_EDGE('',*,*,#2194,.T.);
#2367=ORIENTED_EDGE('',*,*,#2351,.T.);
#2368=EDGE_LOOP('',(#2363,#2365,#2366,#2367));
#2369=FACE_OUTER_BOUND('',#2368,.F.);
#2370=ADVANCED_FACE('',(#2369),#2362,.T.);
#2371=CARTESIAN_POINT('',(6.536559969936E0,-8.181898584652E1,
-3.496018649861E2));
#2372=DIRECTION('',(9.518177007495E-13,8.779436976926E-1,4.787638913722E-1));
#2373=DIRECTION('',(-1.E0,1.084942221660E-12,0.E0));
#2374=AXIS2_PLACEMENT_3D('',#2371,#2372,#2373);
#2375=PLANE('',#2374);
#2376=ORIENTED_EDGE('',*,*,#2196,.T.);
#2377=ORIENTED_EDGE('',*,*,#2364,.F.);
#2378=ORIENTED_EDGE('',*,*,#2068,.F.);
#2380=ORIENTED_EDGE('',*,*,#2379,.T.);
#2381=EDGE_LOOP('',(#2376,#2377,#2378,#2380));
#2382=FACE_OUTER_BOUND('',#2381,.F.);
#2383=ADVANCED_FACE('',(#2382),#2375,.T.);
#2384=CARTESIAN_POINT('',(-4.463440030063E0,-8.138001399766E1,
-3.493624830405E2));
#2385=DIRECTION('',(5.207158494284E-13,4.787638913722E-1,-8.779436976926E-1));
#2386=DIRECTION('',(1.E0,-1.084942221660E-12,0.E0));
#2387=AXIS2_PLACEMENT_3D('',#2384,#2385,#2386);
#2388=CYLINDRICAL_SURFACE('',#2387,5.E-1);
#2389=ORIENTED_EDGE('',*,*,#2198,.T.);
#2390=ORIENTED_EDGE('',*,*,#2379,.F.);
#2391=ORIENTED_EDGE('',*,*,#2066,.T.);
#2393=ORIENTED_EDGE('',*,*,#2392,.F.);
#2394=EDGE_LOOP('',(#2389,#2390,#2391,#2393));
#2395=FACE_OUTER_BOUND('',#2394,.F.);
#2396=ADVANCED_FACE('',(#2395),#2388,.F.);
#2397=CARTESIAN_POINT('',(-4.963440030048E0,-6.722756159086E1,
-3.416448091115E2));
#2398=DIRECTION('',(1.E0,-1.084942221660E-12,0.E0));
#2399=DIRECTION('',(-5.207158494284E-13,-4.787638913722E-1,8.779436976926E-1));
#2400=AXIS2_PLACEMENT_3D('',#2397,#2398,#2399);
#2401=PLANE('',#2400);
#2402=ORIENTED_EDGE('',*,*,#2064,.F.);
#2404=ORIENTED_EDGE('',*,*,#2403,.T.);
#2405=ORIENTED_EDGE('',*,*,#2200,.T.);
#2406=ORIENTED_EDGE('',*,*,#2392,.T.);
#2407=EDGE_LOOP('',(#2402,#2404,#2405,#2406));
#2408=FACE_OUTER_BOUND('',#2407,.F.);
#2409=ADVANCED_FACE('',(#2408),#2401,.T.);
#2410=CARTESIAN_POINT('',(-5.463440030063E0,-8.130660794424E1,
-3.493224529475E2));
#2411=DIRECTION('',(5.207158494284E-13,4.787638913722E-1,-8.779436976926E-1));
#2412=DIRECTION('',(1.E0,-1.084942221660E-12,0.E0));
#2413=AXIS2_PLACEMENT_3D('',#2410,#2411,#2412);
#2414=CYLINDRICAL_SURFACE('',#2413,5.E-1);
#2416=ORIENTED_EDGE('',*,*,#2415,.T.);
#2418=ORIENTED_EDGE('',*,*,#2417,.F.);
#2420=ORIENTED_EDGE('',*,*,#2419,.F.);
#2421=ORIENTED_EDGE('',*,*,#2202,.T.);
#2422=ORIENTED_EDGE('',*,*,#2403,.F.);
#2423=ORIENTED_EDGE('',*,*,#2062,.T.);
#2424=EDGE_LOOP('',(#2416,#2418,#2420,#2421,#2422,#2423));
#2425=FACE_OUTER_BOUND('',#2424,.F.);
#2426=ADVANCED_FACE('',(#2425),#2414,.T.);
#2427=CARTESIAN_POINT('',(-4.769000605479E0,-1.720832128055E2,
-1.813559442896E2));
#2428=DIRECTION('',(5.207147637695E-13,4.787638913722E-1,-8.779436976926E-1));
#2429=DIRECTION('',(-6.944394246838E-1,-6.317254143784E-1,-3.444951179236E-1));
#2430=AXIS2_PLACEMENT_3D('',#2427,#2428,#2429);
#2431=CYLINDRICAL_SURFACE('',#2430,5.E-1);
#2432=ORIENTED_EDGE('',*,*,#2415,.F.);
#2433=ORIENTED_EDGE('',*,*,#2060,.T.);
#2435=ORIENTED_EDGE('',*,*,#2434,.T.);
#2437=ORIENTED_EDGE('',*,*,#2436,.T.);
#2438=EDGE_LOOP('',(#2432,#2433,#2435,#2437));
#2439=FACE_OUTER_BOUND('',#2438,.F.);
#2440=ADVANCED_FACE('',(#2439),#2431,.F.);
#2441=CARTESIAN_POINT('',(-5.269000605385E0,-8.568838453491E1,
-3.403216894486E2));
#2442=DIRECTION('',(1.E0,-2.492999463715E-13,4.571591982943E-13));
#2443=DIRECTION('',(0.E0,8.779436976926E-1,4.787638913722E-1));
#2444=AXIS2_PLACEMENT_3D('',#2441,#2442,#2443);
#2445=PLANE('',#2444);
#2447=ORIENTED_EDGE('',*,*,#2446,.F.);
#2448=ORIENTED_EDGE('',*,*,#2434,.F.);
#2449=ORIENTED_EDGE('',*,*,#2058,.T.);
#2451=ORIENTED_EDGE('',*,*,#2450,.F.);
#2452=EDGE_LOOP('',(#2447,#2448,#2449,#2451));
#2453=FACE_OUTER_BOUND('',#2452,.F.);
#2454=ADVANCED_FACE('',(#2453),#2445,.T.);
#2455=CARTESIAN_POINT('',(1.385374346658E-10,1.329846352402E2,
-2.267691391568E2));
#2456=DIRECTION('',(-5.207158494284E-13,-4.787638913722E-1,8.779436976926E-1));
#2457=DIRECTION('',(-1.E0,2.492999463715E-13,-4.571591982943E-13));
#2458=AXIS2_PLACEMENT_3D('',#2455,#2456,#2457);
#2459=PLANE('',#2458);
#2461=ORIENTED_EDGE('',*,*,#2460,.T.);
#2463=ORIENTED_EDGE('',*,*,#2462,.T.);
#2465=ORIENTED_EDGE('',*,*,#2464,.F.);
#2467=ORIENTED_EDGE('',*,*,#2466,.T.);
#2469=ORIENTED_EDGE('',*,*,#2468,.F.);
#2471=ORIENTED_EDGE('',*,*,#2470,.F.);
#2473=ORIENTED_EDGE('',*,*,#2472,.T.);
#2475=ORIENTED_EDGE('',*,*,#2474,.T.);
#2476=EDGE_LOOP('',(#2461,#2463,#2465,#2467,#2469,#2471,#2473,#2475));
#2477=FACE_OUTER_BOUND('',#2476,.F.);
#2479=ORIENTED_EDGE('',*,*,#2478,.F.);
#2481=ORIENTED_EDGE('',*,*,#2480,.F.);
#2482=EDGE_LOOP('',(#2479,#2481));
#2483=FACE_BOUND('',#2482,.F.);
#2484=ADVANCED_FACE('',(#2477,#2483),#2459,.F.);
#2485=CARTESIAN_POINT('',(1.385374346658E-10,1.329846352402E2,
-2.267691391568E2));
#2486=DIRECTION('',(-5.207158494284E-13,-4.787638913722E-1,8.779436976926E-1));
#2487=DIRECTION('',(-1.E0,2.492999463715E-13,-4.571591982943E-13));
#2488=AXIS2_PLACEMENT_3D('',#2485,#2486,#2487);
#2489=PLANE('',#2488);
#2490=ORIENTED_EDGE('',*,*,#2446,.T.);
#2492=ORIENTED_EDGE('',*,*,#2491,.F.);
#2494=ORIENTED_EDGE('',*,*,#2493,.F.);
#2496=ORIENTED_EDGE('',*,*,#2495,.T.);
#2498=ORIENTED_EDGE('',*,*,#2497,.F.);
#2500=ORIENTED_EDGE('',*,*,#2499,.F.);
#2502=ORIENTED_EDGE('',*,*,#2501,.F.);
#2504=ORIENTED_EDGE('',*,*,#2503,.F.);
#2506=ORIENTED_EDGE('',*,*,#2505,.F.);
#2508=ORIENTED_EDGE('',*,*,#2507,.F.);
#2510=ORIENTED_EDGE('',*,*,#2509,.F.);
#2512=ORIENTED_EDGE('',*,*,#2511,.T.);
#2513=ORIENTED_EDGE('',*,*,#2417,.T.);
#2514=ORIENTED_EDGE('',*,*,#2436,.F.);
#2515=EDGE_LOOP('',(#2490,#2492,#2494,#2496,#2498,#2500,#2502,#2504,#2506,#2508,
#2510,#2512,#2513,#2514));
#2516=FACE_OUTER_BOUND('',#2515,.F.);
#2518=ORIENTED_EDGE('',*,*,#2517,.F.);
#2520=ORIENTED_EDGE('',*,*,#2519,.F.);
#2521=EDGE_LOOP('',(#2518,#2520));
#2522=FACE_BOUND('',#2521,.F.);
#2523=ADVANCED_FACE('',(#2516,#2522),#2489,.F.);
#2524=CARTESIAN_POINT('',(1.078655996995E1,-8.151455131364E1,
-3.380455974393E2));
#2525=DIRECTION('',(-5.207158494284E-13,-4.787638913722E-1,8.779436976926E-1));
#2526=DIRECTION('',(-1.E0,2.492999463715E-13,-4.571591982943E-13));
#2527=AXIS2_PLACEMENT_3D('',#2524,#2525,#2526);
#2528=CYLINDRICAL_SURFACE('',#2527,1.6E0);
#2529=ORIENTED_EDGE('',*,*,#2082,.F.);
#2531=ORIENTED_EDGE('',*,*,#2530,.T.);
#2532=ORIENTED_EDGE('',*,*,#2478,.T.);
#2534=ORIENTED_EDGE('',*,*,#2533,.F.);
#2535=EDGE_LOOP('',(#2529,#2531,#2532,#2534));
#2536=FACE_OUTER_BOUND('',#2535,.F.);
#2537=ADVANCED_FACE('',(#2536),#2528,.F.);
#2538=CARTESIAN_POINT('',(1.078655996995E1,-8.151455131364E1,
-3.380455974393E2));
#2539=DIRECTION('',(-5.207158494284E-13,-4.787638913722E-1,8.779436976926E-1));
#2540=DIRECTION('',(-1.E0,2.492999463715E-13,-4.571591982943E-13));
#2541=AXIS2_PLACEMENT_3D('',#2538,#2539,#2540);
#2542=CYLINDRICAL_SURFACE('',#2541,1.6E0);
#2543=ORIENTED_EDGE('',*,*,#2084,.F.);
#2544=ORIENTED_EDGE('',*,*,#2533,.T.);
#2545=ORIENTED_EDGE('',*,*,#2480,.T.);
#2546=ORIENTED_EDGE('',*,*,#2530,.F.);
#2547=EDGE_LOOP('',(#2543,#2544,#2545,#2546));
#2548=FACE_OUTER_BOUND('',#2547,.F.);
#2549=ADVANCED_FACE('',(#2548),#2542,.F.);
#2550=CARTESIAN_POINT('',(-9.213440030048E0,-8.151455131363E1,
-3.380455974393E2));
#2551=DIRECTION('',(-5.207158494284E-13,-4.787638913722E-1,8.779436976926E-1));
#2552=DIRECTION('',(-1.E0,2.492999463715E-13,-4.571591982943E-13));
#2553=AXIS2_PLACEMENT_3D('',#2550,#2551,#2552);
#2554=CYLINDRICAL_SURFACE('',#2553,1.6E0);
#2555=ORIENTED_EDGE('',*,*,#2088,.F.);
#2557=ORIENTED_EDGE('',*,*,#2556,.T.);
#2558=ORIENTED_EDGE('',*,*,#2517,.T.);
#2560=ORIENTED_EDGE('',*,*,#2559,.F.);
#2561=EDGE_LOOP('',(#2555,#2557,#2558,#2560));
#2562=FACE_OUTER_BOUND('',#2561,.F.);
#2563=ADVANCED_FACE('',(#2562),#2554,.F.);
#2564=CARTESIAN_POINT('',(-9.213440030048E0,-8.151455131363E1,
-3.380455974393E2));
#2565=DIRECTION('',(-5.207158494284E-13,-4.787638913722E-1,8.779436976926E-1));
#2566=DIRECTION('',(-1.E0,2.492999463715E-13,-4.571591982943E-13));
#2567=AXIS2_PLACEMENT_3D('',#2564,#2565,#2566);
#2568=CYLINDRICAL_SURFACE('',#2567,1.6E0);
#2569=ORIENTED_EDGE('',*,*,#2090,.F.);
#2570=ORIENTED_EDGE('',*,*,#2559,.T.);
#2571=ORIENTED_EDGE('',*,*,#2519,.T.);
#2572=ORIENTED_EDGE('',*,*,#2556,.F.);
#2573=EDGE_LOOP('',(#2569,#2570,#2571,#2572));
#2574=FACE_OUTER_BOUND('',#2573,.F.);
#2575=ADVANCED_FACE('',(#2574),#2568,.F.);
#2576=CARTESIAN_POINT('',(2.160879900648E0,-7.043499768777E1,
-3.433939014407E2));
#2577=DIRECTION('',(-4.581066435674E-1,-7.804017296751E-1,-4.255719016094E-1));
#2578=DIRECTION('',(8.888972399099E-1,-4.021918405914E-1,-2.193249193374E-1));
#2579=AXIS2_PLACEMENT_3D('',#2576,#2577,#2578);
#2580=PLANE('',#2579);
#2581=ORIENTED_EDGE('',*,*,#2460,.F.);
#2583=ORIENTED_EDGE('',*,*,#2582,.T.);
#2584=ORIENTED_EDGE('',*,*,#2256,.T.);
#2586=ORIENTED_EDGE('',*,*,#2585,.T.);
#2587=EDGE_LOOP('',(#2581,#2583,#2584,#2586));
#2588=FACE_OUTER_BOUND('',#2587,.F.);
#2589=ADVANCED_FACE('',(#2588),#2580,.T.);
#2590=CARTESIAN_POINT('',(9.518151306094E0,-7.672691239991E1,
-3.468250344162E2));
#2591=DIRECTION('',(-5.207158494284E-13,-4.787638913722E-1,8.779436976926E-1));
#2592=DIRECTION('',(-1.E0,1.084942221660E-12,0.E0));
#2593=AXIS2_PLACEMENT_3D('',#2590,#2591,#2592);
#2594=CYLINDRICAL_SURFACE('',#2593,3.E0);
#2596=ORIENTED_EDGE('',*,*,#2595,.F.);
#2597=ORIENTED_EDGE('',*,*,#2258,.F.);
#2598=ORIENTED_EDGE('',*,*,#2582,.F.);
#2599=ORIENTED_EDGE('',*,*,#2474,.F.);
#2600=EDGE_LOOP('',(#2596,#2597,#2598,#2599));
#2601=FACE_OUTER_BOUND('',#2600,.F.);
#2602=ADVANCED_FACE('',(#2601),#2594,.F.);
#2603=CARTESIAN_POINT('',(1.089247123679E1,-7.906811758894E1,
-3.481017501210E2));
#2604=DIRECTION('',(-4.581066435657E-1,7.804017296761E-1,4.255719016094E-1));
#2605=DIRECTION('',(-8.888972399107E-1,-4.021918405894E-1,-2.193249193374E-1));
#2606=AXIS2_PLACEMENT_3D('',#2603,#2604,#2605);
#2607=PLANE('',#2606);
#2608=ORIENTED_EDGE('',*,*,#2472,.F.);
#2610=ORIENTED_EDGE('',*,*,#2609,.T.);
#2611=ORIENTED_EDGE('',*,*,#2260,.T.);
#2612=ORIENTED_EDGE('',*,*,#2595,.T.);
#2613=EDGE_LOOP('',(#2608,#2610,#2611,#2612));
#2614=FACE_OUTER_BOUND('',#2613,.F.);
#2615=ADVANCED_FACE('',(#2614),#2607,.T.);
#2616=CARTESIAN_POINT('',(7.036559969937E0,-8.130660794426E1,
-3.493224529475E2));
#2617=DIRECTION('',(-5.207158494284E-13,-4.787638913722E-1,8.779436976926E-1));
#2618=DIRECTION('',(-1.E0,1.084942221660E-12,0.E0));
#2619=AXIS2_PLACEMENT_3D('',#2616,#2617,#2618);
#2620=CYLINDRICAL_SURFACE('',#2619,5.E-1);
#2622=ORIENTED_EDGE('',*,*,#2621,.T.);
#2623=ORIENTED_EDGE('',*,*,#2012,.T.);
#2625=ORIENTED_EDGE('',*,*,#2624,.F.);
#2626=ORIENTED_EDGE('',*,*,#2262,.T.);
#2627=ORIENTED_EDGE('',*,*,#2609,.F.);
#2628=ORIENTED_EDGE('',*,*,#2470,.T.);
#2629=EDGE_LOOP('',(#2622,#2623,#2625,#2626,#2627,#2628));
#2630=FACE_OUTER_BOUND('',#2629,.F.);
#2631=ADVANCED_FACE('',(#2630),#2620,.T.);
#2632=CARTESIAN_POINT('',(6.342120545395E0,1.170766590417E1,-5.183864651044E2));
#2633=DIRECTION('',(-5.207147637695E-13,-4.787638913722E-1,8.779436976926E-1));
#2634=DIRECTION('',(6.944394246426E-1,-6.317254144137E-1,-3.444951179420E-1));
#2635=AXIS2_PLACEMENT_3D('',#2632,#2633,#2634);
#2636=CYLINDRICAL_SURFACE('',#2635,5.E-1);
#2637=ORIENTED_EDGE('',*,*,#2621,.F.);
#2638=ORIENTED_EDGE('',*,*,#2468,.T.);
#2640=ORIENTED_EDGE('',*,*,#2639,.T.);
#2641=ORIENTED_EDGE('',*,*,#2014,.T.);
#2642=EDGE_LOOP('',(#2637,#2638,#2640,#2641));
#2643=FACE_OUTER_BOUND('',#2642,.F.);
#2644=ADVANCED_FACE('',(#2643),#2636,.F.);
#2645=CARTESIAN_POINT('',(6.842120545289E0,-7.698121078828E1,
-3.355734574187E2));
#2646=DIRECTION('',(-1.E0,2.492999463715E-13,-4.571591982943E-13));
#2647=DIRECTION('',(0.E0,-8.779436976926E-1,-4.787638913722E-1));
#2648=AXIS2_PLACEMENT_3D('',#2645,#2646,#2647);
#2649=PLANE('',#2648);
#2650=ORIENTED_EDGE('',*,*,#2016,.T.);
#2651=ORIENTED_EDGE('',*,*,#2639,.F.);
#2652=ORIENTED_EDGE('',*,*,#2466,.F.);
#2654=ORIENTED_EDGE('',*,*,#2653,.F.);
#2655=EDGE_LOOP('',(#2650,#2651,#2652,#2654));
#2656=FACE_OUTER_BOUND('',#2655,.F.);
#2657=ADVANCED_FACE('',(#2656),#2649,.T.);
#2658=CARTESIAN_POINT('',(6.342120545197E0,-1.618391903304E2,
-1.813559442896E2));
#2659=DIRECTION('',(5.207159188719E-13,4.787638913722E-1,-8.779436976926E-1));
#2660=DIRECTION('',(6.944394246525E-1,6.317254144050E-1,3.444951179381E-1));
#2661=AXIS2_PLACEMENT_3D('',#2658,#2659,#2660);
#2662=CYLINDRICAL_SURFACE('',#2661,5.E-1);
#2664=ORIENTED_EDGE('',*,*,#2663,.F.);
#2665=ORIENTED_EDGE('',*,*,#2018,.T.);
#2666=ORIENTED_EDGE('',*,*,#2653,.T.);
#2667=ORIENTED_EDGE('',*,*,#2464,.T.);
#2668=EDGE_LOOP('',(#2664,#2665,#2666,#2667));
#2669=FACE_OUTER_BOUND('',#2668,.F.);
#2670=ADVANCED_FACE('',(#2669),#2662,.F.);
#2671=CARTESIAN_POINT('',(7.036559969947E0,-7.214721685555E1,
-3.443276158848E2));
#2672=DIRECTION('',(5.207158494284E-13,4.787638913722E-1,-8.779436976926E-1));
#2673=DIRECTION('',(1.E0,-1.084942221660E-12,0.E0));
#2674=AXIS2_PLACEMENT_3D('',#2671,#2672,#2673);
#2675=CYLINDRICAL_SURFACE('',#2674,5.E-1);
#2676=ORIENTED_EDGE('',*,*,#2663,.T.);
#2677=ORIENTED_EDGE('',*,*,#2462,.F.);
#2678=ORIENTED_EDGE('',*,*,#2585,.F.);
#2679=ORIENTED_EDGE('',*,*,#2254,.T.);
#2681=ORIENTED_EDGE('',*,*,#2680,.F.);
#2682=ORIENTED_EDGE('',*,*,#2020,.T.);
#2683=EDGE_LOOP('',(#2676,#2677,#2678,#2679,#2681,#2682));
#2684=FACE_OUTER_BOUND('',#2683,.F.);
#2685=ADVANCED_FACE('',(#2684),#2675,.T.);
#2686=CARTESIAN_POINT('',(6.536559969952E0,-6.722756159087E1,
-3.416448091115E2));
#2687=DIRECTION('',(-1.E0,1.084896388832E-12,0.E0));
#2688=DIRECTION('',(-9.517655506250E-13,-8.779436976926E-1,-4.787638913722E-1));
#2689=AXIS2_PLACEMENT_3D('',#2686,#2687,#2688);
#2690=PLANE('',#2689);
#2691=ORIENTED_EDGE('',*,*,#2252,.T.);
#2693=ORIENTED_EDGE('',*,*,#2692,.T.);
#2694=ORIENTED_EDGE('',*,*,#2022,.F.);
#2695=ORIENTED_EDGE('',*,*,#2680,.T.);
#2696=EDGE_LOOP('',(#2691,#2693,#2694,#2695));
#2697=FACE_OUTER_BOUND('',#2696,.F.);
#2698=ADVANCED_FACE('',(#2697),#2690,.T.);
#2699=CARTESIAN_POINT('',(7.036559969942E0,-7.652677715654E1,
-3.353256437896E2));
#2700=DIRECTION('',(5.207158494288E-13,4.787638913722E-1,-8.779436976926E-1));
#2701=DIRECTION('',(9.518177007493E-13,8.779436976926E-1,4.787638913722E-1));
#2702=AXIS2_PLACEMENT_3D('',#2699,#2700,#2701);
#2703=CYLINDRICAL_SURFACE('',#2702,5.E-1);
#2704=ORIENTED_EDGE('',*,*,#2250,.T.);
#2706=ORIENTED_EDGE('',*,*,#2705,.F.);
#2707=ORIENTED_EDGE('',*,*,#2024,.T.);
#2708=ORIENTED_EDGE('',*,*,#2692,.F.);
#2709=EDGE_LOOP('',(#2704,#2706,#2707,#2708));
#2710=FACE_OUTER_BOUND('',#2709,.F.);
#2711=ADVANCED_FACE('',(#2710),#2703,.T.);
#2712=CARTESIAN_POINT('',(6.976559969943E0,-7.521091556419E1,
-3.346080726992E2));
#2713=DIRECTION('',(5.207158494288E-13,4.787638913722E-1,-8.779436976926E-1));
#2714=DIRECTION('',(9.518177007493E-13,8.779436976926E-1,4.787638913722E-1));
#2715=AXIS2_PLACEMENT_3D('',#2712,#2713,#2714);
#2716=CYLINDRICAL_SURFACE('',#2715,1.E0);
#2717=ORIENTED_EDGE('',*,*,#2026,.T.);
#2718=ORIENTED_EDGE('',*,*,#2705,.T.);
#2719=ORIENTED_EDGE('',*,*,#2248,.T.);
#2721=ORIENTED_EDGE('',*,*,#2720,.T.);
#2722=EDGE_LOOP('',(#2717,#2718,#2719,#2721));
#2723=FACE_OUTER_BOUND('',#2722,.F.);
#2724=ADVANCED_FACE('',(#2723),#2716,.F.);
#2725=CARTESIAN_POINT('',(7.036559969945E0,-7.389505397184E1,
-3.338905016088E2));
#2726=DIRECTION('',(5.207158494288E-13,4.787638913722E-1,-8.779436976926E-1));
#2727=DIRECTION('',(9.518177007493E-13,8.779436976926E-1,4.787638913722E-1));
#2728=AXIS2_PLACEMENT_3D('',#2725,#2726,#2727);
#2729=CYLINDRICAL_SURFACE('',#2728,5.E-1);
#2730=ORIENTED_EDGE('',*,*,#2028,.T.);
#2731=ORIENTED_EDGE('',*,*,#2720,.F.);
#2732=ORIENTED_EDGE('',*,*,#2246,.T.);
#2734=ORIENTED_EDGE('',*,*,#2733,.F.);
#2735=EDGE_LOOP('',(#2730,#2731,#2732,#2734));
#2736=FACE_OUTER_BOUND('',#2735,.F.);
#2737=ADVANCED_FACE('',(#2736),#2729,.T.);
#2738=CARTESIAN_POINT('',(6.536559969952E0,-6.722756159087E1,
-3.416448091115E2));
#2739=DIRECTION('',(-1.E0,1.084896388832E-12,0.E0));
#2740=DIRECTION('',(-9.517655506250E-13,-8.779436976926E-1,-4.787638913722E-1));
#2741=AXIS2_PLACEMENT_3D('',#2738,#2739,#2740);
#2742=PLANE('',#2741);
#2743=ORIENTED_EDGE('',*,*,#2244,.T.);
#2745=ORIENTED_EDGE('',*,*,#2744,.T.);
#2746=ORIENTED_EDGE('',*,*,#2030,.F.);
#2747=ORIENTED_EDGE('',*,*,#2733,.T.);
#2748=EDGE_LOOP('',(#2743,#2745,#2746,#2747));
#2749=FACE_OUTER_BOUND('',#2748,.F.);
#2750=ADVANCED_FACE('',(#2749),#2742,.T.);
#2751=CARTESIAN_POINT('',(6.036559969952E0,-6.766653343972E1,
-3.418841910572E2));
#2752=DIRECTION('',(5.207158494284E-13,4.787638913722E-1,-8.779436976926E-1));
#2753=DIRECTION('',(1.E0,-1.084942221660E-12,0.E0));
#2754=AXIS2_PLACEMENT_3D('',#2751,#2752,#2753);
#2755=CYLINDRICAL_SURFACE('',#2754,5.E-1);
#2756=ORIENTED_EDGE('',*,*,#2242,.T.);
#2758=ORIENTED_EDGE('',*,*,#2757,.F.);
#2759=ORIENTED_EDGE('',*,*,#2032,.T.);
#2760=ORIENTED_EDGE('',*,*,#2744,.F.);
#2761=EDGE_LOOP('',(#2756,#2758,#2759,#2760));
#2762=FACE_OUTER_BOUND('',#2761,.F.);
#2763=ADVANCED_FACE('',(#2762),#2755,.F.);
#2764=CARTESIAN_POINT('',(6.536559969952E0,-6.722756159087E1,
-3.416448091115E2));
#2765=DIRECTION('',(-9.518177007495E-13,-8.779436976926E-1,-4.787638913722E-1));
#2766=DIRECTION('',(1.E0,-1.084942221660E-12,0.E0));
#2767=AXIS2_PLACEMENT_3D('',#2764,#2765,#2766);
#2768=PLANE('',#2767);
#2769=ORIENTED_EDGE('',*,*,#2034,.F.);
#2770=ORIENTED_EDGE('',*,*,#2757,.T.);
#2771=ORIENTED_EDGE('',*,*,#2240,.T.);
#2773=ORIENTED_EDGE('',*,*,#2772,.T.);
#2774=EDGE_LOOP('',(#2769,#2770,#2771,#2773));
#2775=FACE_OUTER_BOUND('',#2774,.F.);
#2776=ADVANCED_FACE('',(#2775),#2768,.T.);
#2777=CARTESIAN_POINT('',(-4.463440030048E0,-6.766653343970E1,
-3.418841910572E2));
#2778=DIRECTION('',(5.207158494284E-13,4.787638913722E-1,-8.779436976926E-1));
#2779=DIRECTION('',(1.E0,-1.084942221660E-12,0.E0));
#2780=AXIS2_PLACEMENT_3D('',#2777,#2778,#2779);
#2781=CYLINDRICAL_SURFACE('',#2780,5.E-1);
#2782=ORIENTED_EDGE('',*,*,#2238,.T.);
#2784=ORIENTED_EDGE('',*,*,#2783,.F.);
#2785=ORIENTED_EDGE('',*,*,#2036,.T.);
#2786=ORIENTED_EDGE('',*,*,#2772,.F.);
#2787=EDGE_LOOP('',(#2782,#2784,#2785,#2786));
#2788=FACE_OUTER_BOUND('',#2787,.F.);
#2789=ADVANCED_FACE('',(#2788),#2781,.F.);
#2790=CARTESIAN_POINT('',(-4.963440030048E0,-6.722756159086E1,
-3.416448091115E2));
#2791=DIRECTION('',(1.E0,-1.084942221660E-12,0.E0));
#2792=DIRECTION('',(-5.207158494284E-13,-4.787638913722E-1,8.779436976926E-1));
#2793=AXIS2_PLACEMENT_3D('',#2790,#2791,#2792);
#2794=PLANE('',#2793);
#2795=ORIENTED_EDGE('',*,*,#2038,.F.);
#2796=ORIENTED_EDGE('',*,*,#2783,.T.);
#2797=ORIENTED_EDGE('',*,*,#2236,.T.);
#2799=ORIENTED_EDGE('',*,*,#2798,.T.);
#2800=EDGE_LOOP('',(#2795,#2796,#2797,#2799));
#2801=FACE_OUTER_BOUND('',#2800,.F.);
#2802=ADVANCED_FACE('',(#2801),#2794,.T.);
#2803=CARTESIAN_POINT('',(-5.463440030054E0,-7.328721328900E1,
-3.335590314116E2));
#2804=DIRECTION('',(5.207158494288E-13,4.787638913722E-1,-8.779436976926E-1));
#2805=DIRECTION('',(9.518177007493E-13,8.779436976926E-1,4.787638913722E-1));
#2806=AXIS2_PLACEMENT_3D('',#2803,#2804,#2805);
#2807=CYLINDRICAL_SURFACE('',#2806,5.E-1);
#2808=ORIENTED_EDGE('',*,*,#2234,.T.);
#2810=ORIENTED_EDGE('',*,*,#2809,.F.);
#2811=ORIENTED_EDGE('',*,*,#2040,.F.);
#2812=ORIENTED_EDGE('',*,*,#2798,.F.);
#2813=EDGE_LOOP('',(#2808,#2810,#2811,#2812));
#2814=FACE_OUTER_BOUND('',#2813,.F.);
#2815=ADVANCED_FACE('',(#2814),#2807,.T.);
#2816=CARTESIAN_POINT('',(-5.623440030056E0,-7.455245779091E1,
-3.342489997807E2));
#2817=DIRECTION('',(5.207158494288E-13,4.787638913722E-1,-8.779436976926E-1));
#2818=DIRECTION('',(9.518177007493E-13,8.779436976926E-1,4.787638913722E-1));
#2819=AXIS2_PLACEMENT_3D('',#2816,#2817,#2818);
#2820=CYLINDRICAL_SURFACE('',#2819,9.5E-1);
#2821=ORIENTED_EDGE('',*,*,#2042,.T.);
#2822=ORIENTED_EDGE('',*,*,#2809,.T.);
#2823=ORIENTED_EDGE('',*,*,#2232,.T.);
#2825=ORIENTED_EDGE('',*,*,#2824,.T.);
#2826=EDGE_LOOP('',(#2821,#2822,#2823,#2825));
#2827=FACE_OUTER_BOUND('',#2826,.F.);
#2828=ADVANCED_FACE('',(#2827),#2820,.F.);
#2829=CARTESIAN_POINT('',(-5.623440030056E0,-7.455245779091E1,
-3.342489997807E2));
#2830=DIRECTION('',(5.207158494288E-13,4.787638913722E-1,-8.779436976926E-1));
#2831=DIRECTION('',(9.518177007493E-13,8.779436976926E-1,4.787638913722E-1));
#2832=AXIS2_PLACEMENT_3D('',#2829,#2830,#2831);
#2833=CYLINDRICAL_SURFACE('',#2832,9.5E-1);
#2834=ORIENTED_EDGE('',*,*,#2824,.F.);
#2835=ORIENTED_EDGE('',*,*,#2230,.T.);
#2837=ORIENTED_EDGE('',*,*,#2836,.F.);
#2838=ORIENTED_EDGE('',*,*,#2044,.T.);
#2839=EDGE_LOOP('',(#2834,#2835,#2837,#2838));
#2840=FACE_OUTER_BOUND('',#2839,.F.);
#2841=ADVANCED_FACE('',(#2840),#2833,.F.);
#2842=CARTESIAN_POINT('',(-6.573440030057E0,-7.586937333745E1,
-3.349671456177E2));
#2843=DIRECTION('',(-1.E0,1.082911483200E-12,0.E0));
#2844=DIRECTION('',(-9.495047722549E-13,-8.779436976926E-1,-4.787638913722E-1));
#2845=AXIS2_PLACEMENT_3D('',#2842,#2843,#2844);
#2846=PLANE('',#2845);
#2847=ORIENTED_EDGE('',*,*,#2228,.T.);
#2849=ORIENTED_EDGE('',*,*,#2848,.T.);
#2850=ORIENTED_EDGE('',*,*,#2046,.F.);
#2851=ORIENTED_EDGE('',*,*,#2836,.T.);
#2852=EDGE_LOOP('',(#2847,#2849,#2850,#2851));
#2853=FACE_OUTER_BOUND('',#2852,.F.);
#2854=ADVANCED_FACE('',(#2853),#2846,.F.);
#2855=CARTESIAN_POINT('',(-5.623440030057E0,-7.586937333745E1,
-3.349671456177E2));
#2856=DIRECTION('',(5.207158494288E-13,4.787638913722E-1,-8.779436976926E-1));
#2857=DIRECTION('',(9.518177007493E-13,8.779436976926E-1,4.787638913722E-1));
#2858=AXIS2_PLACEMENT_3D('',#2855,#2856,#2857);
#2859=CYLINDRICAL_SURFACE('',#2858,9.5E-1);
#2860=ORIENTED_EDGE('',*,*,#2048,.F.);
#2861=ORIENTED_EDGE('',*,*,#2848,.F.);
#2862=ORIENTED_EDGE('',*,*,#2226,.F.);
#2864=ORIENTED_EDGE('',*,*,#2863,.T.);
#2865=EDGE_LOOP('',(#2860,#2861,#2862,#2864));
#2866=FACE_OUTER_BOUND('',#2865,.F.);
#2867=ADVANCED_FACE('',(#2866),#2859,.F.);
#2868=CARTESIAN_POINT('',(-5.463440030059E0,-7.713461783936E1,
-3.356571139868E2));
#2869=DIRECTION('',(5.207158494288E-13,4.787638913722E-1,-8.779436976926E-1));
#2870=DIRECTION('',(9.518177007493E-13,8.779436976926E-1,4.787638913722E-1));
#2871=AXIS2_PLACEMENT_3D('',#2868,#2869,#2870);
#2872=CYLINDRICAL_SURFACE('',#2871,5.E-1);
#2873=ORIENTED_EDGE('',*,*,#2050,.T.);
#2874=ORIENTED_EDGE('',*,*,#2863,.F.);
#2875=ORIENTED_EDGE('',*,*,#2224,.T.);
#2877=ORIENTED_EDGE('',*,*,#2876,.T.);
#2878=EDGE_LOOP('',(#2873,#2874,#2875,#2877));
#2879=FACE_OUTER_BOUND('',#2878,.F.);
#2880=ADVANCED_FACE('',(#2879),#2872,.T.);
#2881=CARTESIAN_POINT('',(-5.463440030059E0,-7.713461783936E1,
-3.356571139868E2));
#2882=DIRECTION('',(5.207158494288E-13,4.787638913722E-1,-8.779436976926E-1));
#2883=DIRECTION('',(9.518177007493E-13,8.779436976926E-1,4.787638913722E-1));
#2884=AXIS2_PLACEMENT_3D('',#2881,#2882,#2883);
#2885=CYLINDRICAL_SURFACE('',#2884,5.E-1);
#2886=ORIENTED_EDGE('',*,*,#2876,.F.);
#2887=ORIENTED_EDGE('',*,*,#2222,.T.);
#2889=ORIENTED_EDGE('',*,*,#2888,.F.);
#2890=ORIENTED_EDGE('',*,*,#2052,.T.);
#2891=EDGE_LOOP('',(#2886,#2887,#2889,#2890));
#2892=FACE_OUTER_BOUND('',#2891,.F.);
#2893=ADVANCED_FACE('',(#2892),#2885,.T.);
#2894=CARTESIAN_POINT('',(-5.463440030053E0,-7.214721685554E1,
-3.443276158848E2));
#2895=DIRECTION('',(-5.207158494284E-13,-4.787638913722E-1,8.779436976926E-1));
#2896=DIRECTION('',(-1.E0,1.084942221660E-12,0.E0));
#2897=AXIS2_PLACEMENT_3D('',#2894,#2895,#2896);
#2898=CYLINDRICAL_SURFACE('',#2897,5.E-1);
#2900=ORIENTED_EDGE('',*,*,#2899,.T.);
#2901=ORIENTED_EDGE('',*,*,#2054,.T.);
#2902=ORIENTED_EDGE('',*,*,#2888,.T.);
#2903=ORIENTED_EDGE('',*,*,#2220,.T.);
#2905=ORIENTED_EDGE('',*,*,#2904,.F.);
#2906=ORIENTED_EDGE('',*,*,#2493,.T.);
#2907=EDGE_LOOP('',(#2900,#2901,#2902,#2903,#2905,#2906));
#2908=FACE_OUTER_BOUND('',#2907,.F.);
#2909=ADVANCED_FACE('',(#2908),#2898,.T.);
#2910=CARTESIAN_POINT('',(-4.769000605276E0,2.195168837926E1,
-5.183864651044E2));
#2911=DIRECTION('',(-5.207170578794E-13,-4.787638913722E-1,8.779436976926E-1));
#2912=DIRECTION('',(-6.944394246739E-1,6.317254143872E-1,3.444951179275E-1));
#2913=AXIS2_PLACEMENT_3D('',#2910,#2911,#2912);
#2914=CYLINDRICAL_SURFACE('',#2913,5.E-1);
#2915=ORIENTED_EDGE('',*,*,#2899,.F.);
#2916=ORIENTED_EDGE('',*,*,#2491,.T.);
#2917=ORIENTED_EDGE('',*,*,#2450,.T.);
#2918=ORIENTED_EDGE('',*,*,#2056,.T.);
#2919=EDGE_LOOP('',(#2915,#2916,#2917,#2918));
#2920=FACE_OUTER_BOUND('',#2919,.F.);
#2921=ADVANCED_FACE('',(#2920),#2914,.F.);
#2922=CARTESIAN_POINT('',(-9.319351296908E0,-7.438570721086E1,
-3.455483187114E2));
#2923=DIRECTION('',(4.581066435657E-1,-7.804017296761E-1,-4.255719016094E-1));
#2924=DIRECTION('',(8.888972399107E-1,4.021918405894E-1,2.193249193374E-1));
#2925=AXIS2_PLACEMENT_3D('',#2922,#2923,#2924);
#2926=PLANE('',#2925);
#2927=ORIENTED_EDGE('',*,*,#2495,.F.);
#2928=ORIENTED_EDGE('',*,*,#2904,.T.);
#2929=ORIENTED_EDGE('',*,*,#2218,.T.);
#2931=ORIENTED_EDGE('',*,*,#2930,.T.);
#2932=EDGE_LOOP('',(#2927,#2928,#2929,#2931));
#2933=FACE_OUTER_BOUND('',#2932,.F.);
#2934=ADVANCED_FACE('',(#2933),#2926,.T.);
#2935=CARTESIAN_POINT('',(-7.945031366211E0,-7.672691239989E1,
-3.468250344162E2));
#2936=DIRECTION('',(-5.207158494284E-13,-4.787638913722E-1,8.779436976926E-1));
#2937=DIRECTION('',(-1.E0,1.084942221660E-12,0.E0));
#2938=AXIS2_PLACEMENT_3D('',#2935,#2936,#2937);
#2939=CYLINDRICAL_SURFACE('',#2938,3.E0);
#2941=ORIENTED_EDGE('',*,*,#2940,.F.);
#2942=ORIENTED_EDGE('',*,*,#2497,.T.);
#2943=ORIENTED_EDGE('',*,*,#2930,.F.);
#2944=ORIENTED_EDGE('',*,*,#2216,.T.);
#2945=EDGE_LOOP('',(#2941,#2942,#2943,#2944));
#2946=FACE_OUTER_BOUND('',#2945,.F.);
#2947=ADVANCED_FACE('',(#2946),#2939,.F.);
#2948=CARTESIAN_POINT('',(-9.496399863473E0,-1.702787297083E2,
-1.813559442896E2));
#2949=DIRECTION('',(5.207170578794E-13,4.787638913722E-1,-8.779436976926E-1));
#2950=DIRECTION('',(4.701116658069E-1,7.748792060513E-1,4.225603361671E-1));
#2951=AXIS2_PLACEMENT_3D('',#2948,#2949,#2950);
#2952=CYLINDRICAL_SURFACE('',#2951,3.E-1);
#2953=ORIENTED_EDGE('',*,*,#2214,.T.);
#2955=ORIENTED_EDGE('',*,*,#2954,.F.);
#2956=ORIENTED_EDGE('',*,*,#2499,.T.);
#2957=ORIENTED_EDGE('',*,*,#2940,.T.);
#2958=EDGE_LOOP('',(#2953,#2955,#2956,#2957));
#2959=FACE_OUTER_BOUND('',#2958,.F.);
#2960=ADVANCED_FACE('',(#2959),#2952,.T.);
#2961=CARTESIAN_POINT('',(-9.892341027935E0,-8.292727217635E1,
-3.445111142515E2));
#2962=DIRECTION('',(-8.888972399099E-1,4.021918405914E-1,2.193249193374E-1));
#2963=DIRECTION('',(4.581066435674E-1,7.804017296751E-1,4.255719016094E-1));
#2964=AXIS2_PLACEMENT_3D('',#2961,#2962,#2963);
#2965=PLANE('',#2964);
#2966=ORIENTED_EDGE('',*,*,#2954,.T.);
#2967=ORIENTED_EDGE('',*,*,#2212,.F.);
#2969=ORIENTED_EDGE('',*,*,#2968,.T.);
#2970=ORIENTED_EDGE('',*,*,#2501,.T.);
#2971=EDGE_LOOP('',(#2966,#2967,#2969,#2970));
#2972=FACE_OUTER_BOUND('',#2971,.F.);
#2973=ADVANCED_FACE('',(#2972),#2965,.F.);
#2974=CARTESIAN_POINT('',(-8.603440030068E0,-8.590426980207E1,
-3.404394168961E2));
#2975=DIRECTION('',(-5.207158494284E-13,-4.787638913722E-1,8.779436976926E-1));
#2976=DIRECTION('',(-1.E0,1.084942221660E-12,0.E0));
#2977=AXIS2_PLACEMENT_3D('',#2974,#2975,#2976);
#2978=CYLINDRICAL_SURFACE('',#2977,1.45E0);
#2979=ORIENTED_EDGE('',*,*,#2503,.T.);
#2980=ORIENTED_EDGE('',*,*,#2968,.F.);
#2981=ORIENTED_EDGE('',*,*,#2210,.F.);
#2983=ORIENTED_EDGE('',*,*,#2982,.T.);
#2985=ORIENTED_EDGE('',*,*,#2984,.F.);
#2987=ORIENTED_EDGE('',*,*,#2986,.T.);
#2989=ORIENTED_EDGE('',*,*,#2988,.T.);
#2990=EDGE_LOOP('',(#2979,#2980,#2981,#2983,#2985,#2987,#2989));
#2991=FACE_OUTER_BOUND('',#2990,.F.);
#2992=ADVANCED_FACE('',(#2991),#2978,.F.);
#2993=CARTESIAN_POINT('',(-6.514635548205E0,-8.273096313638E1,
-3.444040621933E2));
#2994=DIRECTION('',(8.888972399099E-1,-4.021918405914E-1,-2.193249193374E-1));
#2995=DIRECTION('',(-4.581066435674E-1,-7.804017296751E-1,-4.255719016094E-1));
#2996=AXIS2_PLACEMENT_3D('',#2993,#2994,#2995);
#2997=PLANE('',#2996);
#2999=ORIENTED_EDGE('',*,*,#2998,.T.);
#3000=ORIENTED_EDGE('',*,*,#2507,.T.);
#3001=ORIENTED_EDGE('',*,*,#2982,.F.);
#3002=ORIENTED_EDGE('',*,*,#2208,.F.);
#3003=EDGE_LOOP('',(#2999,#3000,#3001,#3002));
#3004=FACE_OUTER_BOUND('',#3003,.F.);
#3005=ADVANCED_FACE('',(#3004),#2997,.F.);
#3006=CARTESIAN_POINT('',(-6.385398369199E0,1.168555958692E1,
-5.183864651044E2));
#3007=DIRECTION('',(-5.207193519893E-13,-4.787638913722E-1,8.779436976926E-1));
#3008=DIRECTION('',(4.581066435675E-1,7.804017296751E-1,4.255719016094E-1));
#3009=AXIS2_PLACEMENT_3D('',#3006,#3007,#3008);
#3010=CYLINDRICAL_SURFACE('',#3009,3.E-1);
#3011=ORIENTED_EDGE('',*,*,#2998,.F.);
#3012=ORIENTED_EDGE('',*,*,#2206,.T.);
#3014=ORIENTED_EDGE('',*,*,#3013,.T.);
#3015=ORIENTED_EDGE('',*,*,#2509,.T.);
#3016=EDGE_LOOP('',(#3011,#3012,#3014,#3015));
#3017=FACE_OUTER_BOUND('',#3016,.F.);
#3018=ADVANCED_FACE('',(#3017),#3010,.T.);
#3019=CARTESIAN_POINT('',(-5.877599607648E-1,-8.301882711202E1,
-3.502561673916E2));
#3020=DIRECTION('',(4.581066435674E-1,7.804017296751E-1,4.255719016094E-1));
#3021=DIRECTION('',(-8.888972399099E-1,4.021918405914E-1,2.193249193374E-1));
#3022=AXIS2_PLACEMENT_3D('',#3019,#3020,#3021);
#3023=PLANE('',#3022);
#3024=ORIENTED_EDGE('',*,*,#2511,.F.);
#3025=ORIENTED_EDGE('',*,*,#3013,.F.);
#3026=ORIENTED_EDGE('',*,*,#2204,.T.);
#3027=ORIENTED_EDGE('',*,*,#2419,.T.);
#3028=EDGE_LOOP('',(#3024,#3025,#3026,#3027));
#3029=FACE_OUTER_BOUND('',#3028,.F.);
#3030=ADVANCED_FACE('',(#3029),#3023,.T.);
#3031=CARTESIAN_POINT('',(-8.603440030067E0,-8.451585451709E1,
-3.429854536194E2));
#3032=DIRECTION('',(-5.207158494284E-13,-4.787638913722E-1,8.779436976926E-1));
#3033=DIRECTION('',(-1.E0,2.492999463715E-13,-4.571591982943E-13));
#3034=AXIS2_PLACEMENT_3D('',#3031,#3032,#3033);
#3035=CYLINDRICAL_SURFACE('',#3034,1.45E0);
#3036=ORIENTED_EDGE('',*,*,#2505,.T.);
#3037=ORIENTED_EDGE('',*,*,#2988,.F.);
#3039=ORIENTED_EDGE('',*,*,#3038,.T.);
#3040=ORIENTED_EDGE('',*,*,#2984,.T.);
#3041=EDGE_LOOP('',(#3036,#3037,#3039,#3040));
#3042=FACE_OUTER_BOUND('',#3041,.F.);
#3043=ADVANCED_FACE('',(#3042),#3035,.F.);
#3044=CARTESIAN_POINT('',(-8.603440030068E0,-8.578887287875E1,
-3.436796612619E2));
#3045=DIRECTION('',(5.207158494284E-13,4.787638913722E-1,-8.779436976926E-1));
#3046=DIRECTION('',(1.E0,-1.084942221660E-12,0.E0));
#3047=AXIS2_PLACEMENT_3D('',#3044,#3045,#3046);
#3048=PLANE('',#3047);
#3050=ORIENTED_EDGE('',*,*,#3049,.F.);
#3052=ORIENTED_EDGE('',*,*,#3051,.F.);
#3053=EDGE_LOOP('',(#3050,#3052));
#3054=FACE_OUTER_BOUND('',#3053,.F.);
#3055=ORIENTED_EDGE('',*,*,#2986,.F.);
#3056=ORIENTED_EDGE('',*,*,#3038,.F.);
#3057=EDGE_LOOP('',(#3055,#3056));
#3058=FACE_BOUND('',#3057,.F.);
#3059=ADVANCED_FACE('',(#3054,#3058),#3048,.F.);
#3060=CARTESIAN_POINT('',(-8.603440030068E0,-8.590426980207E1,
-3.404394168961E2));
#3061=DIRECTION('',(-5.207158494284E-13,-4.787638913722E-1,8.779436976926E-1));
#3062=DIRECTION('',(-1.E0,1.084942221660E-12,0.E0));
#3063=AXIS2_PLACEMENT_3D('',#3060,#3061,#3062);
#3064=CYLINDRICAL_SURFACE('',#3063,2.5E0);
#3066=ORIENTED_EDGE('',*,*,#3065,.F.);
#3067=ORIENTED_EDGE('',*,*,#2096,.T.);
#3069=ORIENTED_EDGE('',*,*,#3068,.F.);
#3070=ORIENTED_EDGE('',*,*,#3049,.T.);
#3071=EDGE_LOOP('',(#3066,#3067,#3069,#3070));
#3072=FACE_OUTER_BOUND('',#3071,.F.);
#3073=ADVANCED_FACE('',(#3072),#3064,.F.);
#3074=CARTESIAN_POINT('',(-8.603440030067E0,-8.451585451709E1,
-3.429854536194E2));
#3075=DIRECTION('',(-5.207158494284E-13,-4.787638913722E-1,8.779436976926E-1));
#3076=DIRECTION('',(-1.E0,2.492999463715E-13,-4.571591982943E-13));
#3077=AXIS2_PLACEMENT_3D('',#3074,#3075,#3076);
#3078=CYLINDRICAL_SURFACE('',#3077,2.5E0);
#3079=ORIENTED_EDGE('',*,*,#2094,.F.);
#3080=ORIENTED_EDGE('',*,*,#3065,.T.);
#3081=ORIENTED_EDGE('',*,*,#3051,.T.);
#3082=ORIENTED_EDGE('',*,*,#3068,.T.);
#3083=EDGE_LOOP('',(#3079,#3080,#3081,#3082));
#3084=FACE_OUTER_BOUND('',#3083,.F.);
#3085=ADVANCED_FACE('',(#3084),#3078,.F.);
#3086=CARTESIAN_POINT('',(6.536559969952E0,-6.722756159087E1,
-3.416448091115E2));
#3087=DIRECTION('',(-1.E0,1.084896388832E-12,0.E0));
#3088=DIRECTION('',(-9.517655506250E-13,-8.779436976926E-1,-4.787638913722E-1));
#3089=AXIS2_PLACEMENT_3D('',#3086,#3087,#3088);
#3090=PLANE('',#3089);
#3091=ORIENTED_EDGE('',*,*,#2010,.F.);
#3093=ORIENTED_EDGE('',*,*,#3092,.T.);
#3094=ORIENTED_EDGE('',*,*,#2264,.T.);
#3095=ORIENTED_EDGE('',*,*,#2624,.T.);
#3096=EDGE_LOOP('',(#3091,#3093,#3094,#3095));
#3097=FACE_OUTER_BOUND('',#3096,.F.);
#3098=ADVANCED_FACE('',(#3097),#3090,.T.);
#3099=CARTESIAN_POINT('',(6.036559969937E0,-8.138001399767E1,
-3.493624830405E2));
#3100=DIRECTION('',(5.207158494284E-13,4.787638913722E-1,-8.779436976926E-1));
#3101=DIRECTION('',(1.E0,-1.084942221660E-12,0.E0));
#3102=AXIS2_PLACEMENT_3D('',#3099,#3100,#3101);
#3103=CYLINDRICAL_SURFACE('',#3102,5.E-1);
#3104=ORIENTED_EDGE('',*,*,#2266,.T.);
#3105=ORIENTED_EDGE('',*,*,#3092,.F.);
#3106=ORIENTED_EDGE('',*,*,#2008,.T.);
#3108=ORIENTED_EDGE('',*,*,#3107,.F.);
#3109=EDGE_LOOP('',(#3104,#3105,#3106,#3108));
#3110=FACE_OUTER_BOUND('',#3109,.F.);
#3111=ADVANCED_FACE('',(#3110),#3103,.F.);
#3112=CARTESIAN_POINT('',(6.536559969936E0,-8.181898584652E1,
-3.496018649861E2));
#3113=DIRECTION('',(9.518177007495E-13,8.779436976926E-1,4.787638913722E-1));
#3114=DIRECTION('',(-1.E0,1.084942221660E-12,0.E0));
#3115=AXIS2_PLACEMENT_3D('',#3112,#3113,#3114);
#3116=PLANE('',#3115);
#3117=ORIENTED_EDGE('',*,*,#2006,.F.);
#3119=ORIENTED_EDGE('',*,*,#3118,.F.);
#3120=ORIENTED_EDGE('',*,*,#2268,.T.);
#3121=ORIENTED_EDGE('',*,*,#3107,.T.);
#3122=EDGE_LOOP('',(#3117,#3119,#3120,#3121));
#3123=FACE_OUTER_BOUND('',#3122,.F.);
#3124=ADVANCED_FACE('',(#3123),#3116,.T.);
#3125=CARTESIAN_POINT('',(1.089247123679E1,-7.906811758894E1,
-3.481017501210E2));
#3126=DIRECTION('',(-4.581066435657E-1,7.804017296761E-1,4.255719016094E-1));
#3127=DIRECTION('',(-8.888972399107E-1,-4.021918405894E-1,-2.193249193374E-1));
#3128=AXIS2_PLACEMENT_3D('',#3125,#3126,#3127);
#3129=PLANE('',#3128);
#3130=ORIENTED_EDGE('',*,*,#2270,.T.);
#3131=ORIENTED_EDGE('',*,*,#3118,.T.);
#3132=ORIENTED_EDGE('',*,*,#2004,.T.);
#3134=ORIENTED_EDGE('',*,*,#3133,.T.);
#3135=EDGE_LOOP('',(#3130,#3131,#3132,#3134));
#3136=FACE_OUTER_BOUND('',#3135,.F.);
#3137=ADVANCED_FACE('',(#3136),#3129,.T.);
#3138=CARTESIAN_POINT('',(3.786559969935E0,-8.277710804621E1,
-3.501243521501E2));
#3139=DIRECTION('',(-5.207158494284E-13,-4.787638913722E-1,8.779436976926E-1));
#3140=DIRECTION('',(-1.E0,1.084942221660E-12,0.E0));
#3141=AXIS2_PLACEMENT_3D('',#3138,#3139,#3140);
#3142=CYLINDRICAL_SURFACE('',#3141,5.E-1);
#3143=ORIENTED_EDGE('',*,*,#2272,.T.);
#3144=ORIENTED_EDGE('',*,*,#3133,.F.);
#3145=ORIENTED_EDGE('',*,*,#2002,.T.);
#3147=ORIENTED_EDGE('',*,*,#3146,.F.);
#3148=EDGE_LOOP('',(#3143,#3144,#3145,#3147));
#3149=FACE_OUTER_BOUND('',#3148,.F.);
#3150=ADVANCED_FACE('',(#3149),#3142,.T.);
#3151=CARTESIAN_POINT('',(3.286559969952E0,-6.722756159087E1,
-3.416448091115E2));
#3152=DIRECTION('',(-1.E0,1.084982465308E-12,0.E0));
#3153=DIRECTION('',(-9.518635625014E-13,-8.779436976926E-1,-4.787638913722E-1));
#3154=AXIS2_PLACEMENT_3D('',#3151,#3152,#3153);
#3155=PLANE('',#3154);
#3156=ORIENTED_EDGE('',*,*,#2000,.F.);
#3158=ORIENTED_EDGE('',*,*,#3157,.T.);
#3159=ORIENTED_EDGE('',*,*,#2274,.T.);
#3160=ORIENTED_EDGE('',*,*,#3146,.T.);
#3161=EDGE_LOOP('',(#3156,#3158,#3159,#3160));
#3162=FACE_OUTER_BOUND('',#3161,.F.);
#3163=ADVANCED_FACE('',(#3162),#3155,.T.);
#3164=CARTESIAN_POINT('',(3.786559969935E0,-8.339928450237E1,
-3.504636399906E2));
#3165=DIRECTION('',(5.207158494284E-13,4.787638913722E-1,-8.779436976926E-1));
#3166=DIRECTION('',(1.E0,-1.084942221660E-12,0.E0));
#3167=AXIS2_PLACEMENT_3D('',#3164,#3165,#3166);
#3168=CYLINDRICAL_SURFACE('',#3167,5.E-1);
#3169=ORIENTED_EDGE('',*,*,#2276,.T.);
#3170=ORIENTED_EDGE('',*,*,#3157,.F.);
#3171=ORIENTED_EDGE('',*,*,#1998,.T.);
#3173=ORIENTED_EDGE('',*,*,#3172,.F.);
#3174=EDGE_LOOP('',(#3169,#3170,#3171,#3173));
#3175=FACE_OUTER_BOUND('',#3174,.F.);
#3176=ADVANCED_FACE('',(#3175),#3168,.T.);
#3177=CARTESIAN_POINT('',(1.578655996993E1,-8.479578413397E1,
-3.489471345409E2));
#3178=DIRECTION('',(9.518177007495E-13,8.779436976926E-1,4.787638913722E-1));
#3179=DIRECTION('',(-1.E0,1.084942221660E-12,0.E0));
#3180=AXIS2_PLACEMENT_3D('',#3177,#3178,#3179);
#3181=PLANE('',#3180);
#3183=ORIENTED_EDGE('',*,*,#3182,.F.);
#3184=ORIENTED_EDGE('',*,*,#2278,.T.);
#3185=ORIENTED_EDGE('',*,*,#3172,.T.);
#3186=ORIENTED_EDGE('',*,*,#1996,.T.);
#3187=EDGE_LOOP('',(#3183,#3184,#3185,#3186));
#3188=FACE_OUTER_BOUND('',#3187,.F.);
#3189=ADVANCED_FACE('',(#3188),#3181,.F.);
#3190=CARTESIAN_POINT('',(1.428655996999E1,-3.963799079914E1,
-4.265344395349E2));
#3191=DIRECTION('',(0.E0,-4.787638913722E-1,8.779436976926E-1));
#3192=DIRECTION('',(-9.514167231828E-13,-8.779436976926E-1,-4.787638913722E-1));
#3193=AXIS2_PLACEMENT_3D('',#3190,#3191,#3192);
#3194=CYLINDRICAL_SURFACE('',#3193,2.5E0);
#3195=ORIENTED_EDGE('',*,*,#1994,.T.);
#3196=ORIENTED_EDGE('',*,*,#1875,.F.);
#3197=ORIENTED_EDGE('',*,*,#2280,.T.);
#3198=ORIENTED_EDGE('',*,*,#3182,.T.);
#3199=EDGE_LOOP('',(#3195,#3196,#3197,#3198));
#3200=FACE_OUTER_BOUND('',#3199,.F.);
#3201=ADVANCED_FACE('',(#3200),#3194,.T.);
#3202=CARTESIAN_POINT('',(8.357375997015E1,-5.735521137397E1,
-3.404755714832E2));
#3203=DIRECTION('',(-1.E0,1.084526459620E-12,0.E0));
#3204=DIRECTION('',(-5.205511538476E-13,-4.787638913722E-1,8.779436976926E-1));
#3205=AXIS2_PLACEMENT_3D('',#3202,#3203,#3204);
#3206=CYLINDRICAL_SURFACE('',#3205,5.7E0);
#3207=ORIENTED_EDGE('',*,*,#1871,.T.);
#3209=ORIENTED_EDGE('',*,*,#3208,.T.);
#3210=ORIENTED_EDGE('',*,*,#1941,.F.);
#3211=ORIENTED_EDGE('',*,*,#2283,.F.);
#3212=EDGE_LOOP('',(#3207,#3209,#3210,#3211));
#3213=FACE_OUTER_BOUND('',#3212,.F.);
#3214=ADVANCED_FACE('',(#3213),#3206,.F.);
#3215=CARTESIAN_POINT('',(1.578655996994E1,-6.589938747338E1,
-3.347755488865E2));
#3216=DIRECTION('',(0.E0,-2.644689415465E-6,-9.999999999965E-1));
#3217=DIRECTION('',(1.084854747449E-12,9.999999999965E-1,-2.644689415410E-6));
#3218=AXIS2_PLACEMENT_3D('',#3215,#3216,#3217);
#3219=PLANE('',#3218);
#3220=ORIENTED_EDGE('',*,*,#1869,.T.);
#3222=ORIENTED_EDGE('',*,*,#3221,.T.);
#3223=ORIENTED_EDGE('',*,*,#1943,.T.);
#3224=ORIENTED_EDGE('',*,*,#3208,.F.);
#3225=EDGE_LOOP('',(#3220,#3222,#3223,#3224));
#3226=FACE_OUTER_BOUND('',#3225,.F.);
#3227=ADVANCED_FACE('',(#3226),#3219,.T.);
#3228=CARTESIAN_POINT('',(8.587735997018E1,-2.597383114846E1,
-3.397756692875E2));
#3229=DIRECTION('',(-1.E0,1.084866631623E-12,0.E0));
#3230=DIRECTION('',(0.E0,2.644689416087E-6,9.999999999965E-1));
#3231=AXIS2_PLACEMENT_3D('',#3228,#3229,#3230);
#3232=CYLINDRICAL_SURFACE('',#3231,5.E0);
#3233=ORIENTED_EDGE('',*,*,#3221,.F.);
#3234=ORIENTED_EDGE('',*,*,#1867,.T.);
#3236=ORIENTED_EDGE('',*,*,#3235,.T.);
#3237=ORIENTED_EDGE('',*,*,#1945,.T.);
#3238=EDGE_LOOP('',(#3233,#3234,#3236,#3237));
#3239=FACE_OUTER_BOUND('',#3238,.F.);
#3240=ADVANCED_FACE('',(#3239),#3232,.F.);
#3241=CARTESIAN_POINT('',(1.578655997E1,-2.097391650506E1,-3.720504189050E2));
#3242=DIRECTION('',(1.084854747449E-12,9.999999999965E-1,-2.644689415410E-6));
#3243=DIRECTION('',(-1.E0,1.084854770638E-12,0.E0));
#3244=AXIS2_PLACEMENT_3D('',#3241,#3242,#3243);
#3245=PLANE('',#3244);
#3247=ORIENTED_EDGE('',*,*,#3246,.F.);
#3249=ORIENTED_EDGE('',*,*,#3248,.T.);
#3251=ORIENTED_EDGE('',*,*,#3250,.T.);
#3253=ORIENTED_EDGE('',*,*,#3252,.F.);
#3255=ORIENTED_EDGE('',*,*,#3254,.F.);
#3256=ORIENTED_EDGE('',*,*,#1947,.T.);
#3257=ORIENTED_EDGE('',*,*,#3235,.F.);
#3258=ORIENTED_EDGE('',*,*,#1865,.T.);
#3260=ORIENTED_EDGE('',*,*,#3259,.F.);
#3262=ORIENTED_EDGE('',*,*,#3261,.T.);
#3264=ORIENTED_EDGE('',*,*,#3263,.T.);
#3266=ORIENTED_EDGE('',*,*,#3265,.F.);
#3268=ORIENTED_EDGE('',*,*,#3267,.F.);
#3270=ORIENTED_EDGE('',*,*,#3269,.T.);
#3271=EDGE_LOOP('',(#3247,#3249,#3251,#3253,#3255,#3256,#3257,#3258,#3260,#3262,
#3264,#3266,#3268,#3270));
#3272=FACE_OUTER_BOUND('',#3271,.F.);
#3273=ADVANCED_FACE('',(#3272),#3245,.F.);
#3274=CARTESIAN_POINT('',(-7.463440030181E0,-1.733502113734E2,
-3.639352636547E2));
#3275=DIRECTION('',(1.084853004174E-12,9.999999999965E-1,-2.644689415491E-6));
#3276=DIRECTION('',(0.E0,-2.644689415491E-6,-9.999999999965E-1));
#3277=AXIS2_PLACEMENT_3D('',#3274,#3275,#3276);
#3278=CYLINDRICAL_SURFACE('',#3277,1.E0);
#3280=ORIENTED_EDGE('',*,*,#3279,.F.);
#3281=ORIENTED_EDGE('',*,*,#3246,.T.);
#3283=ORIENTED_EDGE('',*,*,#3282,.T.);
#3285=ORIENTED_EDGE('',*,*,#3284,.T.);
#3286=EDGE_LOOP('',(#3280,#3281,#3283,#3285));
#3287=FACE_OUTER_BOUND('',#3286,.F.);
#3288=ADVANCED_FACE('',(#3287),#3278,.T.);
#3289=CARTESIAN_POINT('',(-8.463440030017E0,-2.197390179733E1,
-3.664891977690E2));
#3290=DIRECTION('',(1.E0,-1.084854747445E-12,0.E0));
#3291=DIRECTION('',(0.E0,2.644689415410E-6,9.999999999965E-1));
#3292=AXIS2_PLACEMENT_3D('',#3289,#3290,#3291);
#3293=PLANE('',#3292);
#3294=ORIENTED_EDGE('',*,*,#3279,.T.);
#3296=ORIENTED_EDGE('',*,*,#3295,.T.);
#3298=ORIENTED_EDGE('',*,*,#3297,.T.);
#3299=ORIENTED_EDGE('',*,*,#3248,.F.);
#3300=EDGE_LOOP('',(#3294,#3296,#3298,#3299));
#3301=FACE_OUTER_BOUND('',#3300,.F.);
#3302=ADVANCED_FACE('',(#3301),#3293,.F.);
#3303=CARTESIAN_POINT('',(-1.797871679169E-11,-1.657293254710E1,
4.383025927733E-5));
#3304=DIRECTION('',(-1.084854747449E-12,-9.999999999965E-1,2.644689415410E-6));
#3305=DIRECTION('',(1.E0,-1.084854747445E-12,0.E0));
#3306=AXIS2_PLACEMENT_3D('',#3303,#3304,#3305);
#3307=PLANE('',#3306);
#3309=ORIENTED_EDGE('',*,*,#3308,.F.);
#3310=ORIENTED_EDGE('',*,*,#1951,.T.);
#3312=ORIENTED_EDGE('',*,*,#3311,.F.);
#3314=ORIENTED_EDGE('',*,*,#3313,.F.);
#3316=ORIENTED_EDGE('',*,*,#3315,.F.);
#3317=ORIENTED_EDGE('',*,*,#3295,.F.);
#3318=ORIENTED_EDGE('',*,*,#3284,.F.);
#3320=ORIENTED_EDGE('',*,*,#3319,.T.);
#3321=EDGE_LOOP('',(#3309,#3310,#3312,#3314,#3316,#3317,#3318,#3320));
#3322=FACE_OUTER_BOUND('',#3321,.F.);
#3324=ORIENTED_EDGE('',*,*,#3323,.T.);
#3326=ORIENTED_EDGE('',*,*,#3325,.T.);
#3327=EDGE_LOOP('',(#3324,#3326));
#3328=FACE_BOUND('',#3327,.F.);
#3329=ADVANCED_FACE('',(#3322,#3328),#3307,.T.);
#3330=CARTESIAN_POINT('',(-1.797871679169E-11,-1.657293254710E1,
4.383025927733E-5));
#3331=DIRECTION('',(-1.084854747449E-12,-9.999999999965E-1,2.644689415410E-6));
#3332=DIRECTION('',(1.E0,-1.084854747445E-12,0.E0));
#3333=AXIS2_PLACEMENT_3D('',#3330,#3331,#3332);
#3334=PLANE('',#3333);
#3336=ORIENTED_EDGE('',*,*,#3335,.F.);
#3338=ORIENTED_EDGE('',*,*,#3337,.T.);
#3340=ORIENTED_EDGE('',*,*,#3339,.F.);
#3342=ORIENTED_EDGE('',*,*,#3341,.F.);
#3344=ORIENTED_EDGE('',*,*,#3343,.F.);
#3346=ORIENTED_EDGE('',*,*,#3345,.F.);
#3348=ORIENTED_EDGE('',*,*,#3347,.F.);
#3349=ORIENTED_EDGE('',*,*,#1861,.T.);
#3350=EDGE_LOOP('',(#3336,#3338,#3340,#3342,#3344,#3346,#3348,#3349));
#3351=FACE_OUTER_BOUND('',#3350,.F.);
#3353=ORIENTED_EDGE('',*,*,#3352,.T.);
#3355=ORIENTED_EDGE('',*,*,#3354,.T.);
#3356=EDGE_LOOP('',(#3353,#3355));
#3357=FACE_BOUND('',#3356,.F.);
#3358=ADVANCED_FACE('',(#3351,#3357),#3334,.T.);
#3359=CARTESIAN_POINT('',(-1.171344003002E1,-2.197388843230E1,
-3.614356639980E2));
#3360=DIRECTION('',(-1.084854747449E-12,-9.999999999965E-1,2.644689415410E-6));
#3361=DIRECTION('',(1.E0,-1.084854747445E-12,0.E0));
#3362=AXIS2_PLACEMENT_3D('',#3359,#3360,#3361);
#3363=CYLINDRICAL_SURFACE('',#3362,1.7E0);
#3365=ORIENTED_EDGE('',*,*,#3364,.F.);
#3367=ORIENTED_EDGE('',*,*,#3366,.T.);
#3369=ORIENTED_EDGE('',*,*,#3368,.F.);
#3370=ORIENTED_EDGE('',*,*,#3323,.F.);
#3371=EDGE_LOOP('',(#3365,#3367,#3369,#3370));
#3372=FACE_OUTER_BOUND('',#3371,.F.);
#3373=ADVANCED_FACE('',(#3372),#3363,.F.);
#3374=CARTESIAN_POINT('',(-1.171344003002E1,-2.197388843230E1,
-3.614356639980E2));
#3375=DIRECTION('',(-1.084854747449E-12,-9.999999999965E-1,2.644689415410E-6));
#3376=DIRECTION('',(1.E0,-1.084854747445E-12,0.E0));
#3377=AXIS2_PLACEMENT_3D('',#3374,#3375,#3376);
#3378=CYLINDRICAL_SURFACE('',#3377,1.7E0);
#3379=ORIENTED_EDGE('',*,*,#3368,.T.);
#3381=ORIENTED_EDGE('',*,*,#3380,.T.);
#3382=ORIENTED_EDGE('',*,*,#3364,.T.);
#3383=ORIENTED_EDGE('',*,*,#3325,.F.);
#3384=EDGE_LOOP('',(#3379,#3381,#3382,#3383));
#3385=FACE_OUTER_BOUND('',#3384,.F.);
#3386=ADVANCED_FACE('',(#3385),#3378,.F.);
#3387=CARTESIAN_POINT('',(-1.190486502510E-11,-1.097293254712E1,
2.901999853994E-5));
#3388=DIRECTION('',(1.084854747449E-12,9.999999999965E-1,-2.644689415410E-6));
#3389=DIRECTION('',(1.E0,-1.084854747445E-12,0.E0));
#3390=AXIS2_PLACEMENT_3D('',#3387,#3388,#3389);
#3391=PLANE('',#3390);
#3393=ORIENTED_EDGE('',*,*,#3392,.F.);
#3395=ORIENTED_EDGE('',*,*,#3394,.F.);
#3397=ORIENTED_EDGE('',*,*,#3396,.F.);
#3398=ORIENTED_EDGE('',*,*,#1917,.F.);
#3399=EDGE_LOOP('',(#3393,#3395,#3397,#3398));
#3400=FACE_OUTER_BOUND('',#3399,.F.);
#3401=ORIENTED_EDGE('',*,*,#3366,.F.);
#3402=ORIENTED_EDGE('',*,*,#3380,.F.);
#3403=EDGE_LOOP('',(#3401,#3402));
#3404=FACE_BOUND('',#3403,.F.);
#3406=ORIENTED_EDGE('',*,*,#3405,.F.);
#3408=ORIENTED_EDGE('',*,*,#3407,.F.);
#3409=EDGE_LOOP('',(#3406,#3408));
#3410=FACE_BOUND('',#3409,.F.);
#3411=ADVANCED_FACE('',(#3400,#3404,#3410),#3391,.T.);
#3412=CARTESIAN_POINT('',(1.328655996998E1,-2.197388843233E1,
-3.614356639980E2));
#3413=DIRECTION('',(-1.084854747449E-12,-9.999999999965E-1,2.644689415410E-6));
#3414=DIRECTION('',(1.E0,-1.084854747445E-12,0.E0));
#3415=AXIS2_PLACEMENT_3D('',#3412,#3413,#3414);
#3416=CYLINDRICAL_SURFACE('',#3415,1.7E0);
#3418=ORIENTED_EDGE('',*,*,#3417,.F.);
#3419=ORIENTED_EDGE('',*,*,#3405,.T.);
#3421=ORIENTED_EDGE('',*,*,#3420,.F.);
#3422=ORIENTED_EDGE('',*,*,#3352,.F.);
#3423=EDGE_LOOP('',(#3418,#3419,#3421,#3422));
#3424=FACE_OUTER_BOUND('',#3423,.F.);
#3425=ADVANCED_FACE('',(#3424),#3416,.F.);
#3426=CARTESIAN_POINT('',(1.328655996998E1,-2.197388843233E1,
-3.614356639980E2));
#3427=DIRECTION('',(-1.084854747449E-12,-9.999999999965E-1,2.644689415410E-6));
#3428=DIRECTION('',(1.E0,-1.084854747445E-12,0.E0));
#3429=AXIS2_PLACEMENT_3D('',#3426,#3427,#3428);
#3430=CYLINDRICAL_SURFACE('',#3429,1.7E0);
#3431=ORIENTED_EDGE('',*,*,#3420,.T.);
#3432=ORIENTED_EDGE('',*,*,#3407,.T.);
#3433=ORIENTED_EDGE('',*,*,#3417,.T.);
#3434=ORIENTED_EDGE('',*,*,#3354,.F.);
#3435=EDGE_LOOP('',(#3431,#3432,#3433,#3434));
#3436=FACE_OUTER_BOUND('',#3435,.F.);
#3437=ADVANCED_FACE('',(#3436),#3430,.F.);
#3438=CARTESIAN_POINT('',(1.328655997009E1,-1.102252001551E1,
-3.643513414908E2));
#3439=DIRECTION('',(8.789135351646E-13,4.862364106552E-1,-8.738273015609E-1));
#3440=DIRECTION('',(-7.524147643464E-13,-8.738273015609E-1,-4.862364106552E-1));
#3441=AXIS2_PLACEMENT_3D('',#3438,#3439,#3440);
#3442=PLANE('',#3441);
#3444=ORIENTED_EDGE('',*,*,#3443,.F.);
#3446=ORIENTED_EDGE('',*,*,#3445,.F.);
#3447=ORIENTED_EDGE('',*,*,#3392,.T.);
#3448=ORIENTED_EDGE('',*,*,#1915,.T.);
#3449=EDGE_LOOP('',(#3444,#3446,#3447,#3448));
#3450=FACE_OUTER_BOUND('',#3449,.F.);
#3451=ADVANCED_FACE('',(#3450),#3442,.T.);
#3452=CARTESIAN_POINT('',(3.397971077713E1,-2.197389768876E1,
-3.649356639980E2));
#3453=DIRECTION('',(0.E0,2.644689415410E-6,9.999999999965E-1));
#3454=DIRECTION('',(-1.E0,1.084854747445E-12,0.E0));
#3455=AXIS2_PLACEMENT_3D('',#3452,#3453,#3454);
#3456=PLANE('',#3455);
#3458=ORIENTED_EDGE('',*,*,#3457,.F.);
#3459=ORIENTED_EDGE('',*,*,#3319,.F.);
#3460=ORIENTED_EDGE('',*,*,#3282,.F.);
#3461=ORIENTED_EDGE('',*,*,#3269,.F.);
#3463=ORIENTED_EDGE('',*,*,#3462,.F.);
#3464=ORIENTED_EDGE('',*,*,#3337,.F.);
#3466=ORIENTED_EDGE('',*,*,#3465,.F.);
#3467=ORIENTED_EDGE('',*,*,#3443,.T.);
#3468=EDGE_LOOP('',(#3458,#3459,#3460,#3461,#3463,#3464,#3466,#3467));
#3469=FACE_OUTER_BOUND('',#3468,.F.);
#3470=ADVANCED_FACE('',(#3469),#3456,.F.);
#3471=CARTESIAN_POINT('',(-1.171344003001E1,-1.999080203027E2,
-3.614351934175E2));
#3472=DIRECTION('',(0.E0,9.999999999965E-1,-2.644689415434E-6));
#3473=DIRECTION('',(0.E0,-2.644689415434E-6,-9.999999999965E-1));
#3474=AXIS2_PLACEMENT_3D('',#3471,#3472,#3473);
#3475=CYLINDRICAL_SURFACE('',#3474,3.5E0);
#3476=ORIENTED_EDGE('',*,*,#1953,.F.);
#3477=ORIENTED_EDGE('',*,*,#3308,.T.);
#3478=ORIENTED_EDGE('',*,*,#3457,.T.);
#3479=ORIENTED_EDGE('',*,*,#1913,.T.);
#3480=EDGE_LOOP('',(#3476,#3477,#3478,#3479));
#3481=FACE_OUTER_BOUND('',#3480,.F.);
#3482=ADVANCED_FACE('',(#3481),#3475,.T.);
#3483=CARTESIAN_POINT('',(9.036559970116E0,1.000837043976E2,-3.639359868025E2));
#3484=DIRECTION('',(-1.084857207929E-12,-9.999999999965E-1,2.644689415470E-6));
#3485=DIRECTION('',(0.E0,-2.644689415470E-6,-9.999999999965E-1));
#3486=AXIS2_PLACEMENT_3D('',#3483,#3484,#3485);
#3487=CYLINDRICAL_SURFACE('',#3486,1.E0);
#3488=ORIENTED_EDGE('',*,*,#3267,.T.);
#3490=ORIENTED_EDGE('',*,*,#3489,.F.);
#3491=ORIENTED_EDGE('',*,*,#3339,.T.);
#3492=ORIENTED_EDGE('',*,*,#3462,.T.);
#3493=EDGE_LOOP('',(#3488,#3490,#3491,#3492));
#3494=FACE_OUTER_BOUND('',#3493,.F.);
#3495=ADVANCED_FACE('',(#3494),#3487,.T.);
#3496=CARTESIAN_POINT('',(1.003655996998E1,-2.197388843232E1,
-3.614356639980E2));
#3497=DIRECTION('',(-1.E0,1.084854747445E-12,0.E0));
#3498=DIRECTION('',(0.E0,-2.644689415410E-6,-9.999999999965E-1));
#3499=AXIS2_PLACEMENT_3D('',#3496,#3497,#3498);
#3500=PLANE('',#3499);
#3501=ORIENTED_EDGE('',*,*,#3489,.T.);
#3502=ORIENTED_EDGE('',*,*,#3265,.T.);
#3504=ORIENTED_EDGE('',*,*,#3503,.F.);
#3505=ORIENTED_EDGE('',*,*,#3341,.T.);
#3506=EDGE_LOOP('',(#3501,#3502,#3504,#3505));
#3507=FACE_OUTER_BOUND('',#3506,.F.);
#3508=ADVANCED_FACE('',(#3507),#3500,.F.);
#3509=CARTESIAN_POINT('',(1.328655996998E1,-2.197388843233E1,
-3.614356639980E2));
#3510=DIRECTION('',(-1.084854747449E-12,-9.999999999965E-1,2.644689415410E-6));
#3511=DIRECTION('',(1.E0,-1.084854747445E-12,0.E0));
#3512=AXIS2_PLACEMENT_3D('',#3509,#3510,#3511);
#3513=CYLINDRICAL_SURFACE('',#3512,3.25E0);
#3515=ORIENTED_EDGE('',*,*,#3514,.F.);
#3516=ORIENTED_EDGE('',*,*,#3343,.T.);
#3517=ORIENTED_EDGE('',*,*,#3503,.T.);
#3518=ORIENTED_EDGE('',*,*,#3263,.F.);
#3519=EDGE_LOOP('',(#3515,#3516,#3517,#3518));
#3520=FACE_OUTER_BOUND('',#3519,.F.);
#3521=ADVANCED_FACE('',(#3520),#3513,.F.);
#3522=CARTESIAN_POINT('',(1.940232795827E1,-2.197387983709E1,
-3.581856639980E2));
#3523=DIRECTION('',(0.E0,2.644689415410E-6,9.999999999965E-1));
#3524=DIRECTION('',(-1.E0,1.084854747445E-12,0.E0));
#3525=AXIS2_PLACEMENT_3D('',#3522,#3523,#3524);
#3526=PLANE('',#3525);
#3528=ORIENTED_EDGE('',*,*,#3527,.T.);
#3529=ORIENTED_EDGE('',*,*,#3345,.T.);
#3530=ORIENTED_EDGE('',*,*,#3514,.T.);
#3531=ORIENTED_EDGE('',*,*,#3261,.F.);
#3532=EDGE_LOOP('',(#3528,#3529,#3530,#3531));
#3533=FACE_OUTER_BOUND('',#3532,.F.);
#3534=ADVANCED_FACE('',(#3533),#3526,.F.);
#3535=CARTESIAN_POINT('',(1.578655996999E1,-1.861457602519E2,
-3.571852298144E2));
#3536=DIRECTION('',(0.E0,9.999999999965E-1,-2.644689415503E-6));
#3537=DIRECTION('',(1.E0,0.E0,5.684349402700E-14));
#3538=AXIS2_PLACEMENT_3D('',#3535,#3536,#3537);
#3539=CYLINDRICAL_SURFACE('',#3538,1.E0);
#3540=ORIENTED_EDGE('',*,*,#3527,.F.);
#3541=ORIENTED_EDGE('',*,*,#3259,.T.);
#3542=ORIENTED_EDGE('',*,*,#1863,.T.);
#3543=ORIENTED_EDGE('',*,*,#3347,.T.);
#3544=EDGE_LOOP('',(#3540,#3541,#3542,#3543));
#3545=FACE_OUTER_BOUND('',#3544,.F.);
#3546=ADVANCED_FACE('',(#3545),#3539,.T.);
#3547=CARTESIAN_POINT('',(1.328655996999E1,9.755363883401E1,-3.614359801112E2));
#3548=DIRECTION('',(0.E0,-9.999999999965E-1,2.644689415370E-6));
#3549=DIRECTION('',(0.E0,-2.644689415370E-6,-9.999999999965E-1));
#3550=AXIS2_PLACEMENT_3D('',#3547,#3548,#3549);
#3551=CYLINDRICAL_SURFACE('',#3550,3.5E0);
#3552=ORIENTED_EDGE('',*,*,#1859,.F.);
#3554=ORIENTED_EDGE('',*,*,#3553,.F.);
#3555=ORIENTED_EDGE('',*,*,#3465,.T.);
#3556=ORIENTED_EDGE('',*,*,#3335,.T.);
#3557=EDGE_LOOP('',(#3552,#3554,#3555,#3556));
#3558=FACE_OUTER_BOUND('',#3557,.F.);
#3559=ADVANCED_FACE('',(#3558),#3551,.T.);
#3560=CARTESIAN_POINT('',(1.328655996994E1,-1.247388844038E1,
-3.614387202540E2));
#3561=DIRECTION('',(-1.084856654968E-12,-9.999999999965E-1,2.644689415410E-6));
#3562=DIRECTION('',(-5.119662763229E-12,2.644689415410E-6,9.999999999965E-1));
#3563=AXIS2_PLACEMENT_3D('',#3560,#3561,#3562);
#3564=CONICAL_SURFACE('',#3563,3.720232713650E0,2.909366199926E1);
#3565=ORIENTED_EDGE('',*,*,#1857,.T.);
#3566=ORIENTED_EDGE('',*,*,#1895,.T.);
#3568=ORIENTED_EDGE('',*,*,#3567,.F.);
#3569=ORIENTED_EDGE('',*,*,#3394,.T.);
#3570=ORIENTED_EDGE('',*,*,#3445,.T.);
#3571=ORIENTED_EDGE('',*,*,#3553,.T.);
#3572=EDGE_LOOP('',(#3565,#3566,#3568,#3569,#3570,#3571));
#3573=FACE_OUTER_BOUND('',#3572,.F.);
#3574=ADVANCED_FACE('',(#3573),#3564,.T.);
#3575=CARTESIAN_POINT('',(-1.171344002997E1,-1.102250460955E1,
-3.585261066940E2));
#3576=DIRECTION('',(1.760702455982E-13,4.862410326520E-1,8.738247296601E-1));
#3577=DIRECTION('',(-1.143510493400E-12,-8.738247296601E-1,4.862410326520E-1));
#3578=AXIS2_PLACEMENT_3D('',#3575,#3576,#3577);
#3579=PLANE('',#3578);
#3580=ORIENTED_EDGE('',*,*,#3396,.T.);
#3581=ORIENTED_EDGE('',*,*,#3567,.T.);
#3582=ORIENTED_EDGE('',*,*,#1893,.F.);
#3583=ORIENTED_EDGE('',*,*,#1919,.F.);
#3584=EDGE_LOOP('',(#3580,#3581,#3582,#3583));
#3585=FACE_OUTER_BOUND('',#3584,.F.);
#3586=ADVANCED_FACE('',(#3585),#3579,.T.);
#3587=CARTESIAN_POINT('',(-1.421344003001E1,1.000837043976E2,
-3.571859868024E2));
#3588=DIRECTION('',(0.E0,-9.999999999965E-1,2.644689415444E-6));
#3589=DIRECTION('',(-1.E0,0.E0,5.684341886041E-14));
#3590=AXIS2_PLACEMENT_3D('',#3587,#3588,#3589);
#3591=CYLINDRICAL_SURFACE('',#3590,1.E0);
#3592=ORIENTED_EDGE('',*,*,#3254,.T.);
#3594=ORIENTED_EDGE('',*,*,#3593,.F.);
#3595=ORIENTED_EDGE('',*,*,#3311,.T.);
#3596=ORIENTED_EDGE('',*,*,#1949,.T.);
#3597=EDGE_LOOP('',(#3592,#3594,#3595,#3596));
#3598=FACE_OUTER_BOUND('',#3597,.F.);
#3599=ADVANCED_FACE('',(#3598),#3591,.T.);
#3600=CARTESIAN_POINT('',(-1.171344003002E1,-2.197387983706E1,
-3.581856639980E2));
#3601=DIRECTION('',(0.E0,2.644689415410E-6,9.999999999965E-1));
#3602=DIRECTION('',(-1.E0,1.084854747445E-12,0.E0));
#3603=AXIS2_PLACEMENT_3D('',#3600,#3601,#3602);
#3604=PLANE('',#3603);
#3605=ORIENTED_EDGE('',*,*,#3593,.T.);
#3606=ORIENTED_EDGE('',*,*,#3252,.T.);
#3608=ORIENTED_EDGE('',*,*,#3607,.F.);
#3609=ORIENTED_EDGE('',*,*,#3313,.T.);
#3610=EDGE_LOOP('',(#3605,#3606,#3608,#3609));
#3611=FACE_OUTER_BOUND('',#3610,.F.);
#3612=ADVANCED_FACE('',(#3611),#3604,.F.);
#3613=CARTESIAN_POINT('',(-1.171344003002E1,-2.197388843230E1,
-3.614356639980E2));
#3614=DIRECTION('',(-1.084854747449E-12,-9.999999999965E-1,2.644689415410E-6));
#3615=DIRECTION('',(1.E0,-1.084854747445E-12,0.E0));
#3616=AXIS2_PLACEMENT_3D('',#3613,#3614,#3615);
#3617=CYLINDRICAL_SURFACE('',#3616,3.25E0);
#3618=ORIENTED_EDGE('',*,*,#3607,.T.);
#3619=ORIENTED_EDGE('',*,*,#3250,.F.);
#3620=ORIENTED_EDGE('',*,*,#3297,.F.);
#3621=ORIENTED_EDGE('',*,*,#3315,.T.);
#3622=EDGE_LOOP('',(#3618,#3619,#3620,#3621));
#3623=FACE_OUTER_BOUND('',#3622,.F.);
#3624=ADVANCED_FACE('',(#3623),#3617,.F.);
#3628=DIMENSIONAL_EXPONENTS(0.E0,0.E0,0.E0,0.E0,0.E0,0.E0,0.E0);
#3630=PLANE_ANGLE_MEASURE_WITH_UNIT(PLANE_ANGLE_MEASURE(1.745329251994E-2),
#3629);
#3631=(CONVERSION_BASED_UNIT('DEGREE',#3630)NAMED_UNIT(*)PLANE_ANGLE_UNIT());
#3633=UNCERTAINTY_MEASURE_WITH_UNIT(LENGTH_MEASURE(3.9E-4),#3627,'closure',
'Maximum model space distance between geometric entities at asserted connectivities');
#3634=(GEOMETRIC_REPRESENTATION_CONTEXT(3)GLOBAL_UNCERTAINTY_ASSIGNED_CONTEXT((
#3633))GLOBAL_UNIT_ASSIGNED_CONTEXT((#3627,#3631,#3632))REPRESENTATION_CONTEXT(
'ID1','3'));
#3636=APPLICATION_CONTEXT(
'CONFIGURATION CONTROLLED 3D DESIGNS OF MECHANICAL PARTS AND ASSEMBLIES');
#3637=APPLICATION_PROTOCOL_DEFINITION('international standard',
'config_control_design',1994,#3636);
#3638=DESIGN_CONTEXT('',#3636,'design');
#3639=MECHANICAL_CONTEXT('',#3636,'mechanical');
#3640=PRODUCT('0001','0001','NOT SPECIFIED',(#3639));
#3641=PRODUCT_DEFINITION_FORMATION_WITH_SPECIFIED_SOURCE('7','LAST_VERSION',
#3640,.MADE.);
#3645=PRODUCT_CATEGORY('part','');
#3646=PRODUCT_RELATED_PRODUCT_CATEGORY('detail','',(#3640));
#3647=PRODUCT_CATEGORY_RELATIONSHIP('','',#3645,#3646);
#3648=SECURITY_CLASSIFICATION_LEVEL('unclassified');
#3649=SECURITY_CLASSIFICATION('','',#3648);
#3650=CC_DESIGN_SECURITY_CLASSIFICATION(#3649,(#3641));
#3651=APPROVAL_STATUS('approved');
#3652=APPROVAL(#3651,'');
#3653=CC_DESIGN_APPROVAL(#3652,(#3649,#3641,#3642));
#3654=CALENDAR_DATE(126,9,5);
#3655=COORDINATED_UNIVERSAL_TIME_OFFSET(8,0,.AHEAD.);
#3656=LOCAL_TIME(11,24,4.5E1,#3655);
#3657=DATE_AND_TIME(#3654,#3656);
#3658=APPROVAL_DATE_TIME(#3657,#3652);
#3659=DATE_TIME_ROLE('creation_date');
#3660=CC_DESIGN_DATE_AND_TIME_ASSIGNMENT(#3657,#3659,(#3642));
#3661=DATE_TIME_ROLE('classification_date');
#3662=CC_DESIGN_DATE_AND_TIME_ASSIGNMENT(#3657,#3661,(#3649));
#3663=PERSON('UNSPECIFIED','UNSPECIFIED',$,$,$,$);
#3664=ORGANIZATION('UNSPECIFIED','UNSPECIFIED','UNSPECIFIED');
#3665=PERSON_AND_ORGANIZATION(#3663,#3664);
#3666=APPROVAL_ROLE('approver');
#3667=APPROVAL_PERSON_ORGANIZATION(#3665,#3652,#3666);
#3668=PERSON_AND_ORGANIZATION_ROLE('creator');
#3669=CC_DESIGN_PERSON_AND_ORGANIZATION_ASSIGNMENT(#3665,#3668,(#3641,#3642));
#3670=PERSON_AND_ORGANIZATION_ROLE('design_supplier');
#3671=CC_DESIGN_PERSON_AND_ORGANIZATION_ASSIGNMENT(#3665,#3670,(#3641));
#3672=PERSON_AND_ORGANIZATION_ROLE('classification_officer');
#3673=CC_DESIGN_PERSON_AND_ORGANIZATION_ASSIGNMENT(#3665,#3672,(#3649));
#3674=PERSON_AND_ORGANIZATION_ROLE('design_owner');
#3675=CC_DESIGN_PERSON_AND_ORGANIZATION_ASSIGNMENT(#3665,#3674,(#3640));
#25=CIRCLE('',#24,4.554904684329E0);
#52=B_SPLINE_CURVE_WITH_KNOTS('',3,(#26,#27,#28,#29,#30,#31,#32,#33,#34,#35,#36,
#37,#38,#39,#40,#41,#42,#43,#44,#45,#46,#47,#48,#49,#50,#51),.UNSPECIFIED.,.F.,
.F.,(4,1,1,1,1,1,1,1,1,1,1,1,1,1,1,1,1,1,1,1,1,1,1,4),(0.E0,4.347826086957E-2,
8.695652173913E-2,1.304347826087E-1,1.739130434783E-1,2.173913043478E-1,
2.608695652174E-1,3.043478260870E-1,3.478260869565E-1,3.913043478261E-1,
4.347826086957E-1,4.782608695652E-1,5.217391304348E-1,5.652173913043E-1,
6.086956521739E-1,6.521739130435E-1,6.956521739130E-1,7.391304347826E-1,
7.826086956522E-1,8.260869565217E-1,8.695652173913E-1,9.130434782609E-1,
9.565217391304E-1,1.E0),.UNSPECIFIED.);
#89=CIRCLE('',#88,1.16E1);
#94=CIRCLE('',#93,1.16E1);
#99=CIRCLE('',#98,2.5E0);
#104=CIRCLE('',#103,2.5E0);
#109=CIRCLE('',#108,1.6E0);
#114=CIRCLE('',#113,1.6E0);
#119=CIRCLE('',#118,1.6E0);
#124=CIRCLE('',#123,1.6E0);
#129=CIRCLE('',#128,2.5E0);
#134=CIRCLE('',#133,2.5E0);
#151=CIRCLE('',#150,2.5E0);
#156=CIRCLE('',#155,5.E-1);
#161=CIRCLE('',#160,5.E-1);
#170=CIRCLE('',#169,5.E-1);
#175=CIRCLE('',#174,5.E-1);
#184=CIRCLE('',#183,5.E-1);
#189=CIRCLE('',#188,5.E-1);
#194=CIRCLE('',#193,1.E0);
#199=CIRCLE('',#198,5.E-1);
#204=CIRCLE('',#203,5.E-1);
#209=CIRCLE('',#208,5.E-1);
#214=CIRCLE('',#213,5.E-1);
#219=CIRCLE('',#218,9.5E-1);
#224=CIRCLE('',#223,9.5E-1);
#229=CIRCLE('',#228,9.5E-1);
#234=CIRCLE('',#233,5.E-1);
#239=CIRCLE('',#238,5.E-1);
#244=CIRCLE('',#243,5.E-1);
#253=CIRCLE('',#252,5.E-1);
#258=CIRCLE('',#257,5.E-1);
#267=CIRCLE('',#266,5.E-1);
#272=CIRCLE('',#271,5.E-1);
#285=CIRCLE('',#284,2.5E0);
#290=CIRCLE('',#289,2.5E0);
#295=CIRCLE('',#294,1.45E0);
#300=CIRCLE('',#299,1.45E0);
#313=CIRCLE('',#312,1.45E0);
#318=CIRCLE('',#317,1.45E0);
#323=CIRCLE('',#322,2.5E0);
#328=CIRCLE('',#327,5.E-1);
#337=CIRCLE('',#336,5.E-1);
#350=CIRCLE('',#349,5.E-1);
#359=CIRCLE('',#358,5.E-1);
#364=CIRCLE('',#363,3.E-1);
#373=CIRCLE('',#372,1.45E0);
#382=CIRCLE('',#381,3.E-1);
#391=CIRCLE('',#390,5.E-1);
#396=CIRCLE('',#395,5.E-1);
#401=CIRCLE('',#400,5.E-1);
#406=CIRCLE('',#405,9.5E-1);
#415=CIRCLE('',#414,9.5E-1);
#420=CIRCLE('',#419,9.5E-1);
#425=CIRCLE('',#424,5.E-1);
#434=CIRCLE('',#433,5.E-1);
#443=CIRCLE('',#442,5.E-1);
#452=CIRCLE('',#451,5.E-1);
#457=CIRCLE('',#456,1.E0);
#462=CIRCLE('',#461,5.E-1);
#471=CIRCLE('',#470,5.E-1);
#480=CIRCLE('',#479,3.E0);
#489=CIRCLE('',#488,5.E-1);
#498=CIRCLE('',#497,5.E-1);
#511=CIRCLE('',#510,5.E-1);
#520=CIRCLE('',#519,5.E-1);
#525=CIRCLE('',#524,2.5E0);
#598=CIRCLE('',#597,5.E-1);
#611=CIRCLE('',#610,5.E-1);
#616=CIRCLE('',#615,5.E-1);
#629=CIRCLE('',#628,1.6E0);
#634=CIRCLE('',#633,1.6E0);
#639=CIRCLE('',#638,1.6E0);
#644=CIRCLE('',#643,1.6E0);
#705=CIRCLE('',#704,3.E0);
#722=CIRCLE('',#721,5.E-1);
#727=CIRCLE('',#726,5.E-1);
#732=CIRCLE('',#731,5.E-1);
#745=CIRCLE('',#744,5.E-1);
#750=CIRCLE('',#749,5.E-1);
#759=CIRCLE('',#758,5.E-1);
#864=CIRCLE('',#863,5.E-1);
#869=CIRCLE('',#868,5.E-1);
#874=CIRCLE('',#873,5.E-1);
#883=CIRCLE('',#882,3.E0);
#892=CIRCLE('',#891,3.E0);
#897=CIRCLE('',#896,3.E-1);
#906=CIRCLE('',#905,1.45E0);
#923=CIRCLE('',#922,1.45E0);
#932=CIRCLE('',#931,3.E-1);
#945=CIRCLE('',#944,1.45E0);
#954=CIRCLE('',#953,1.45E0);
#959=CIRCLE('',#958,2.5E0);
#968=CIRCLE('',#967,2.5E0);
#977=CIRCLE('',#976,2.5E0);
#1034=CIRCLE('',#1033,5.7E0);
#1039=CIRCLE('',#1038,5.7E0);
#1060=CIRCLE('',#1059,5.E0);
#1065=CIRCLE('',#1064,5.E0);
#1070=CIRCLE('',#1069,1.E0);
#1079=CIRCLE('',#1078,3.25E0);
#1088=CIRCLE('',#1087,1.E0);
#1105=CIRCLE('',#1104,1.E0);
#1114=CIRCLE('',#1113,3.25E0);
#1123=CIRCLE('',#1122,1.E0);
#1132=CIRCLE('',#1131,1.E0);
#1141=CIRCLE('',#1140,3.5E0);
#1154=CIRCLE('',#1153,3.25E0);
#1167=CIRCLE('',#1166,3.5E0);
#1180=CIRCLE('',#1179,3.25E0);
#1193=CIRCLE('',#1192,1.7E0);
#1206=CIRCLE('',#1205,1.7E0);
#1211=CIRCLE('',#1210,1.7E0);
#1216=CIRCLE('',#1215,1.7E0);
#1221=CIRCLE('',#1220,1.7E0);
#1226=CIRCLE('',#1225,1.7E0);
#1235=CIRCLE('',#1234,2.885560742970E0);
#1244=CIRCLE('',#1243,2.885560742971E0);
#1249=CIRCLE('',#1248,1.7E0);
#1262=CIRCLE('',#1261,1.7E0);
#1320=B_SPLINE_CURVE_WITH_KNOTS('',3,(#1283,#1284,#1285,#1286,#1287,#1288,#1289,
#1290,#1291,#1292,#1293,#1294,#1295,#1296,#1297,#1298,#1299,#1300,#1301,#1302,
#1303,#1304,#1305,#1306,#1307,#1308,#1309,#1310,#1311,#1312,#1313,#1314,#1315,
#1316,#1317,#1318,#1319),.UNSPECIFIED.,.F.,.F.,(4,1,1,1,1,1,1,1,1,1,1,1,1,1,1,1,
1,1,1,1,1,1,1,1,1,1,1,1,1,1,1,1,1,1,4),(0.E0,2.941176470588E-2,
5.882352941176E-2,8.823529411765E-2,1.176470588235E-1,1.470588235294E-1,
1.764705882353E-1,2.058823529412E-1,2.352941176471E-1,2.647058823529E-1,
2.941176470588E-1,3.235294117647E-1,3.529411764706E-1,3.823529411765E-1,
4.117647058824E-1,4.411764705882E-1,4.705882352941E-1,5.E-1,5.294117647059E-1,
5.588235294118E-1,5.882352941176E-1,6.176470588235E-1,6.470588235294E-1,
6.764705882353E-1,7.058823529412E-1,7.352941176471E-1,7.647058823529E-1,
7.941176470588E-1,8.235294117647E-1,8.529411764706E-1,8.823529411765E-1,
9.117647058824E-1,9.411764705882E-1,9.705882352941E-1,1.E0),.UNSPECIFIED.);
#1325=CIRCLE('',#1324,1.E0);
#1346=CIRCLE('',#1345,1.E0);
#1384=B_SPLINE_CURVE_WITH_KNOTS('',3,(#1347,#1348,#1349,#1350,#1351,#1352,#1353,
#1354,#1355,#1356,#1357,#1358,#1359,#1360,#1361,#1362,#1363,#1364,#1365,#1366,
#1367,#1368,#1369,#1370,#1371,#1372,#1373,#1374,#1375,#1376,#1377,#1378,#1379,
#1380,#1381,#1382,#1383),.UNSPECIFIED.,.F.,.F.,(4,1,1,1,1,1,1,1,1,1,1,1,1,1,1,1,
1,1,1,1,1,1,1,1,1,1,1,1,1,1,1,1,1,1,4),(0.E0,2.941176470588E-2,
5.882352941176E-2,8.823529411765E-2,1.176470588235E-1,1.470588235294E-1,
1.764705882353E-1,2.058823529412E-1,2.352941176471E-1,2.647058823529E-1,
2.941176470588E-1,3.235294117647E-1,3.529411764706E-1,3.823529411765E-1,
4.117647058824E-1,4.411764705882E-1,4.705882352941E-1,5.E-1,5.294117647059E-1,
5.588235294118E-1,5.882352941176E-1,6.176470588235E-1,6.470588235294E-1,
6.764705882353E-1,7.058823529412E-1,7.352941176471E-1,7.647058823529E-1,
7.941176470588E-1,8.235294117647E-1,8.529411764706E-1,8.823529411765E-1,
9.117647058824E-1,9.411764705882E-1,9.705882352941E-1,1.E0),.UNSPECIFIED.);
#1411=B_SPLINE_CURVE_WITH_KNOTS('',3,(#1385,#1386,#1387,#1388,#1389,#1390,#1391,
#1392,#1393,#1394,#1395,#1396,#1397,#1398,#1399,#1400,#1401,#1402,#1403,#1404,
#1405,#1406,#1407,#1408,#1409,#1410),.UNSPECIFIED.,.F.,.F.,(4,1,1,1,1,1,1,1,1,1,
1,1,1,1,1,1,1,1,1,1,1,1,1,4),(0.E0,4.347826086957E-2,8.695652173913E-2,
1.304347826087E-1,1.739130434783E-1,2.173913043478E-1,2.608695652174E-1,
3.043478260870E-1,3.478260869565E-1,3.913043478261E-1,4.347826086957E-1,
4.782608695652E-1,5.217391304348E-1,5.652173913043E-1,6.086956521739E-1,
6.521739130435E-1,6.956521739130E-1,7.391304347826E-1,7.826086956522E-1,
8.260869565217E-1,8.695652173913E-1,9.130434782609E-1,9.565217391304E-1,1.E0),
.UNSPECIFIED.);
#1416=CIRCLE('',#1415,4.554904684329E0);
#1437=CIRCLE('',#1436,1.E0);
#1855=EDGE_CURVE('',#1849,#1779,#16,.T.);
#1857=EDGE_CURVE('',#1805,#1849,#1411,.T.);
#1859=EDGE_CURVE('',#1805,#1845,#4,.T.);
#1861=EDGE_CURVE('',#1833,#1845,#1188,.T.);
#1863=EDGE_CURVE('',#1763,#1833,#8,.T.);
#1865=EDGE_CURVE('',#1750,#1763,#1100,.T.);
#1867=EDGE_CURVE('',#1746,#1750,#1060,.T.);
#1869=EDGE_CURVE('',#1723,#1746,#1043,.T.);
#1871=EDGE_CURVE('',#1722,#1723,#1034,.T.);
#1873=EDGE_CURVE('',#1722,#1741,#529,.T.);
#1875=EDGE_CURVE('',#1741,#1739,#12,.T.);
#1877=EDGE_CURVE('',#1714,#1739,#146,.T.);
#1879=EDGE_CURVE('',#1714,#1715,#89,.T.);
#1881=EDGE_CURVE('',#1779,#1715,#80,.T.);
#1891=EDGE_CURVE('',#1790,#1847,#25,.T.);
#1893=EDGE_CURVE('',#1790,#1791,#1428,.T.);
#1895=EDGE_CURVE('',#1849,#1791,#1416,.T.);
#1898=EDGE_CURVE('',#1778,#1779,#76,.T.);
#1900=EDGE_CURVE('',#1778,#1847,#20,.T.);
#1911=EDGE_CURVE('',#1847,#1804,#52,.T.);
#1913=EDGE_CURVE('',#1795,#1804,#1320,.T.);
#1915=EDGE_CURVE('',#1799,#1795,#56,.T.);
#1917=EDGE_CURVE('',#1799,#1801,#1244,.T.);
#1919=EDGE_CURVE('',#1801,#1790,#1432,.T.);
#1931=EDGE_CURVE('',#1719,#1778,#72,.T.);
#1933=EDGE_CURVE('',#1718,#1719,#94,.T.);
#1935=EDGE_CURVE('',#1718,#1733,#138,.T.);
#1937=EDGE_CURVE('',#1733,#1731,#60,.T.);
#1939=EDGE_CURVE('',#1726,#1731,#537,.T.);
#1941=EDGE_CURVE('',#1726,#1727,#1039,.T.);
#1943=EDGE_CURVE('',#1747,#1727,#1051,.T.);
#1945=EDGE_CURVE('',#1751,#1747,#1065,.T.);
#1947=EDGE_CURVE('',#1766,#1751,#1092,.T.);
#1949=EDGE_CURVE('',#1837,#1766,#64,.T.);
#1951=EDGE_CURVE('',#1840,#1837,#1145,.T.);
#1953=EDGE_CURVE('',#1840,#1804,#68,.T.);
#1966=EDGE_CURVE('',#1715,#1719,#84,.T.);
#1977=EDGE_CURVE('',#1714,#1718,#142,.T.);
#1989=EDGE_CURVE('',#1733,#1735,#134,.T.);
#1994=EDGE_CURVE('',#1738,#1739,#151,.T.);
#1996=EDGE_CURVE('',#1579,#1738,#1029,.T.);
#1998=EDGE_CURVE('',#1570,#1579,#156,.T.);
#2000=EDGE_CURVE('',#1570,#1473,#1009,.T.);
#2002=EDGE_CURVE('',#1468,#1473,#161,.T.);
#2004=EDGE_CURVE('',#1536,#1468,#165,.T.);
#2006=EDGE_CURVE('',#1536,#1537,#993,.T.);
#2008=EDGE_CURVE('',#1476,#1537,#170,.T.);
#2010=EDGE_CURVE('',#1476,#1565,#981,.T.);
#2012=EDGE_CURVE('',#1695,#1565,#175,.T.);
#2014=EDGE_CURVE('',#1675,#1695,#732,.T.);
#2016=EDGE_CURVE('',#1674,#1675,#179,.T.);
#2018=EDGE_CURVE('',#1698,#1674,#745,.T.);
#2020=EDGE_CURVE('',#1605,#1698,#184,.T.);
#2022=EDGE_CURVE('',#1605,#1465,#771,.T.);
#2024=EDGE_CURVE('',#1464,#1465,#189,.T.);
#2026=EDGE_CURVE('',#1515,#1464,#194,.T.);
#2028=EDGE_CURVE('',#1524,#1515,#199,.T.);
#2030=EDGE_CURVE('',#1524,#1611,#791,.T.);
#2032=EDGE_CURVE('',#1480,#1611,#204,.T.);
#2034=EDGE_CURVE('',#1480,#1517,#803,.T.);
#2036=EDGE_CURVE('',#1549,#1517,#209,.T.);
#2038=EDGE_CURVE('',#1549,#1575,#815,.T.);
#2040=EDGE_CURVE('',#1575,#1540,#214,.T.);
#2042=EDGE_CURVE('',#1581,#1540,#219,.T.);
#2044=EDGE_CURVE('',#1502,#1581,#224,.T.);
#2046=EDGE_CURVE('',#1502,#1503,#835,.T.);
#2048=EDGE_CURVE('',#1503,#1485,#229,.T.);
#2050=EDGE_CURVE('',#1521,#1485,#234,.T.);
#2052=EDGE_CURVE('',#1609,#1521,#239,.T.);
#2054=EDGE_CURVE('',#1703,#1609,#244,.T.);
#2056=EDGE_CURVE('',#1705,#1703,#874,.T.);
#2058=EDGE_CURVE('',#1711,#1705,#248,.T.);
#2060=EDGE_CURVE('',#1708,#1711,#611,.T.);
#2062=EDGE_CURVE('',#1527,#1708,#253,.T.);
#2064=EDGE_CURVE('',#1527,#1461,#589,.T.);
#2066=EDGE_CURVE('',#1456,#1461,#258,.T.);
#2068=EDGE_CURVE('',#1456,#1491,#577,.T.);
#2070=EDGE_CURVE('',#1559,#1491,#262,.T.);
#2072=EDGE_CURVE('',#1555,#1559,#267,.T.);
#2074=EDGE_CURVE('',#1555,#1545,#561,.T.);
#2076=EDGE_CURVE('',#1589,#1545,#272,.T.);
#2078=EDGE_CURVE('',#1735,#1589,#545,.T.);
#2082=EDGE_CURVE('',#1624,#1625,#109,.T.);
#2084=EDGE_CURVE('',#1625,#1624,#114,.T.);
#2088=EDGE_CURVE('',#1628,#1629,#119,.T.);
#2090=EDGE_CURVE('',#1629,#1628,#124,.T.);
#2094=EDGE_CURVE('',#1640,#1641,#129,.T.);
#2096=EDGE_CURVE('',#1640,#1641,#968,.T.);
#2100=EDGE_CURVE('',#1552,#1553,#99,.T.);
#2102=EDGE_CURVE('',#1553,#1552,#104,.T.);
#2112=EDGE_CURVE('',#1552,#1452,#276,.T.);
#2115=EDGE_CURVE('',#1553,#1453,#280,.T.);
#2117=EDGE_CURVE('',#1453,#1452,#285,.T.);
#2127=EDGE_CURVE('',#1452,#1453,#290,.T.);
#2144=EDGE_CURVE('',#1529,#1557,#295,.T.);
#2146=EDGE_CURVE('',#1557,#1529,#300,.T.);
#2156=EDGE_CURVE('',#1529,#1495,#304,.T.);
#2159=EDGE_CURVE('',#1557,#1494,#308,.T.);
#2161=EDGE_CURVE('',#1494,#1495,#313,.T.);
#2171=EDGE_CURVE('',#1494,#1495,#318,.T.);
#2184=EDGE_CURVE('',#1730,#1731,#323,.T.);
#2186=EDGE_CURVE('',#1567,#1730,#549,.T.);
#2188=EDGE_CURVE('',#1489,#1567,#328,.T.);
#2190=EDGE_CURVE('',#1488,#1489,#332,.T.);
#2192=EDGE_CURVE('',#1577,#1488,#337,.T.);
#2194=EDGE_CURVE('',#1583,#1577,#341,.T.);
#2196=EDGE_CURVE('',#1457,#1583,#345,.T.);
#2198=EDGE_CURVE('',#1460,#1457,#350,.T.);
#2200=EDGE_CURVE('',#1543,#1460,#354,.T.);
#2202=EDGE_CURVE('',#1573,#1543,#359,.T.);
#2204=EDGE_CURVE('',#1669,#1573,#940,.T.);
#2206=EDGE_CURVE('',#1666,#1669,#364,.T.);
#2208=EDGE_CURVE('',#1666,#1652,#368,.T.);
#2210=EDGE_CURVE('',#1652,#1655,#373,.T.);
#2212=EDGE_CURVE('',#1655,#1659,#377,.T.);
#2214=EDGE_CURVE('',#1658,#1659,#382,.T.);
#2216=EDGE_CURVE('',#1607,#1658,#892,.T.);
#2218=EDGE_CURVE('',#1499,#1607,#386,.T.);
#2220=EDGE_CURVE('',#1498,#1499,#391,.T.);
#2222=EDGE_CURVE('',#1520,#1498,#396,.T.);
#2224=EDGE_CURVE('',#1484,#1520,#401,.T.);
#2226=EDGE_CURVE('',#1484,#1561,#406,.T.);
#2228=EDGE_CURVE('',#1505,#1561,#410,.T.);
#2230=EDGE_CURVE('',#1595,#1505,#415,.T.);
#2232=EDGE_CURVE('',#1541,#1595,#420,.T.);
#2234=EDGE_CURVE('',#1533,#1541,#425,.T.);
#2236=EDGE_CURVE('',#1532,#1533,#429,.T.);
#2238=EDGE_CURVE('',#1507,#1532,#434,.T.);
#2240=EDGE_CURVE('',#1481,#1507,#438,.T.);
#2242=EDGE_CURVE('',#1585,#1481,#443,.T.);
#2244=EDGE_CURVE('',#1525,#1585,#447,.T.);
#2246=EDGE_CURVE('',#1514,#1525,#452,.T.);
#2248=EDGE_CURVE('',#1587,#1514,#457,.T.);
#2250=EDGE_CURVE('',#1547,#1587,#462,.T.);
#2252=EDGE_CURVE('',#1599,#1547,#466,.T.);
#2254=EDGE_CURVE('',#1598,#1599,#471,.T.);
#2256=EDGE_CURVE('',#1601,#1598,#475,.T.);
#2258=EDGE_CURVE('',#1601,#1593,#480,.T.);
#2260=EDGE_CURVE('',#1592,#1593,#484,.T.);
#2262=EDGE_CURVE('',#1563,#1592,#489,.T.);
#2264=EDGE_CURVE('',#1477,#1563,#493,.T.);
#2266=EDGE_CURVE('',#1511,#1477,#498,.T.);
#2268=EDGE_CURVE('',#1510,#1511,#502,.T.);
#2270=EDGE_CURVE('',#1469,#1510,#506,.T.);
#2272=EDGE_CURVE('',#1471,#1469,#511,.T.);
#2274=EDGE_CURVE('',#1571,#1471,#515,.T.);
#2276=EDGE_CURVE('',#1603,#1571,#520,.T.);
#2278=EDGE_CURVE('',#1743,#1603,#1025,.T.);
#2280=EDGE_CURVE('',#1741,#1743,#525,.T.);
#2283=EDGE_CURVE('',#1722,#1726,#533,.T.);
#2301=EDGE_CURVE('',#1735,#1730,#541,.T.);
#2313=EDGE_CURVE('',#1589,#1567,#553,.T.);
#2327=EDGE_CURVE('',#1489,#1545,#557,.T.);
#2340=EDGE_CURVE('',#1555,#1488,#569,.T.);
#2351=EDGE_CURVE('',#1577,#1559,#565,.T.);
#2364=EDGE_CURVE('',#1491,#1583,#573,.T.);
#2379=EDGE_CURVE('',#1456,#1457,#581,.T.);
#2392=EDGE_CURVE('',#1460,#1461,#585,.T.);
#2403=EDGE_CURVE('',#1527,#1543,#606,.T.);
#2415=EDGE_CURVE('',#1708,#1709,#593,.T.);
#2417=EDGE_CURVE('',#1687,#1709,#598,.T.);
#2419=EDGE_CURVE('',#1573,#1687,#602,.T.);
#2434=EDGE_CURVE('',#1711,#1682,#620,.T.);
#2436=EDGE_CURVE('',#1682,#1709,#616,.T.);
#2446=EDGE_CURVE('',#1682,#1683,#660,.T.);
#2450=EDGE_CURVE('',#1683,#1705,#624,.T.);
#2460=EDGE_CURVE('',#1621,#1691,#648,.T.);
#2462=EDGE_CURVE('',#1691,#1699,#759,.T.);
#2464=EDGE_CURVE('',#1678,#1699,#750,.T.);
#2466=EDGE_CURVE('',#1678,#1679,#652,.T.);
#2468=EDGE_CURVE('',#1694,#1679,#727,.T.);
#2470=EDGE_CURVE('',#1685,#1694,#722,.T.);
#2472=EDGE_CURVE('',#1685,#1619,#656,.T.);
#2474=EDGE_CURVE('',#1619,#1621,#705,.T.);
#2478=EDGE_CURVE('',#1632,#1633,#629,.T.);
#2480=EDGE_CURVE('',#1633,#1632,#634,.T.);
#2491=EDGE_CURVE('',#1702,#1683,#869,.T.);
#2493=EDGE_CURVE('',#1689,#1702,#864,.T.);
#2495=EDGE_CURVE('',#1689,#1617,#664,.T.);
#2497=EDGE_CURVE('',#1663,#1617,#883,.T.);
#2499=EDGE_CURVE('',#1661,#1663,#897,.T.);
#2501=EDGE_CURVE('',#1649,#1661,#668,.T.);
#2503=EDGE_CURVE('',#1648,#1649,#906,.T.);
#2505=EDGE_CURVE('',#1653,#1648,#945,.T.);
#2507=EDGE_CURVE('',#1667,#1653,#672,.T.);
#2509=EDGE_CURVE('',#1671,#1667,#932,.T.);
#2511=EDGE_CURVE('',#1671,#1687,#676,.T.);
#2517=EDGE_CURVE('',#1636,#1637,#639,.T.);
#2519=EDGE_CURVE('',#1637,#1636,#644,.T.);
#2530=EDGE_CURVE('',#1624,#1632,#680,.T.);
#2533=EDGE_CURVE('',#1625,#1633,#684,.T.);
#2556=EDGE_CURVE('',#1628,#1636,#688,.T.);
#2559=EDGE_CURVE('',#1629,#1637,#692,.T.);
#2582=EDGE_CURVE('',#1621,#1601,#700,.T.);
#2585=EDGE_CURVE('',#1598,#1691,#763,.T.);
#2595=EDGE_CURVE('',#1593,#1619,#696,.T.);
#2609=EDGE_CURVE('',#1685,#1592,#717,.T.);
#2621=EDGE_CURVE('',#1694,#1695,#709,.T.);
#2624=EDGE_CURVE('',#1563,#1565,#713,.T.);
#2639=EDGE_CURVE('',#1679,#1675,#736,.T.);
#2653=EDGE_CURVE('',#1674,#1678,#740,.T.);
#2663=EDGE_CURVE('',#1698,#1699,#754,.T.);
#2680=EDGE_CURVE('',#1605,#1599,#767,.T.);
#2692=EDGE_CURVE('',#1547,#1465,#779,.T.);
#2705=EDGE_CURVE('',#1464,#1587,#775,.T.);
#2720=EDGE_CURVE('',#1514,#1515,#783,.T.);
#2733=EDGE_CURVE('',#1524,#1525,#787,.T.);
#2744=EDGE_CURVE('',#1585,#1611,#799,.T.);
#2757=EDGE_CURVE('',#1480,#1481,#795,.T.);
#2772=EDGE_CURVE('',#1507,#1517,#811,.T.);
#2783=EDGE_CURVE('',#1549,#1532,#807,.T.);
#2798=EDGE_CURVE('',#1533,#1575,#823,.T.);
#2809=EDGE_CURVE('',#1540,#1541,#819,.T.);
#2824=EDGE_CURVE('',#1595,#1581,#827,.T.);
#2836=EDGE_CURVE('',#1502,#1505,#831,.T.);
#2848=EDGE_CURVE('',#1561,#1503,#839,.T.);
#2863=EDGE_CURVE('',#1484,#1485,#843,.T.);
#2876=EDGE_CURVE('',#1520,#1521,#847,.T.);
#2888=EDGE_CURVE('',#1609,#1498,#851,.T.);
#2899=EDGE_CURVE('',#1702,#1703,#855,.T.);
#2904=EDGE_CURVE('',#1689,#1499,#859,.T.);
#2930=EDGE_CURVE('',#1607,#1617,#887,.T.);
#2940=EDGE_CURVE('',#1663,#1658,#878,.T.);
#2954=EDGE_CURVE('',#1661,#1659,#901,.T.);
#2968=EDGE_CURVE('',#1655,#1649,#910,.T.);
#2982=EDGE_CURVE('',#1652,#1653,#914,.T.);
#2984=EDGE_CURVE('',#1614,#1653,#918,.T.);
#2986=EDGE_CURVE('',#1614,#1615,#923,.T.);
#2988=EDGE_CURVE('',#1615,#1648,#949,.T.);
#2998=EDGE_CURVE('',#1666,#1667,#927,.T.);
#3013=EDGE_CURVE('',#1669,#1671,#936,.T.);
#3038=EDGE_CURVE('',#1615,#1614,#954,.T.);
#3049=EDGE_CURVE('',#1645,#1643,#977,.T.);
#3051=EDGE_CURVE('',#1643,#1645,#959,.T.);
#3065=EDGE_CURVE('',#1640,#1643,#963,.T.);
#3068=EDGE_CURVE('',#1645,#1641,#972,.T.);
#3092=EDGE_CURVE('',#1476,#1477,#985,.T.);
#3107=EDGE_CURVE('',#1511,#1537,#989,.T.);
#3118=EDGE_CURVE('',#1510,#1536,#997,.T.);
#3133=EDGE_CURVE('',#1468,#1469,#1001,.T.);
#3146=EDGE_CURVE('',#1471,#1473,#1005,.T.);
#3157=EDGE_CURVE('',#1570,#1571,#1013,.T.);
#3172=EDGE_CURVE('',#1603,#1579,#1017,.T.);
#3182=EDGE_CURVE('',#1743,#1738,#1021,.T.);
#3208=EDGE_CURVE('',#1723,#1727,#1055,.T.);
#3221=EDGE_CURVE('',#1746,#1747,#1047,.T.);
#3235=EDGE_CURVE('',#1750,#1751,#1096,.T.);
#3246=EDGE_CURVE('',#1754,#1755,#1070,.T.);
#3248=EDGE_CURVE('',#1754,#1769,#1074,.T.);
#3250=EDGE_CURVE('',#1769,#1773,#1079,.T.);
#3252=EDGE_CURVE('',#1767,#1773,#1083,.T.);
#3254=EDGE_CURVE('',#1766,#1767,#1088,.T.);
#3259=EDGE_CURVE('',#1762,#1763,#1105,.T.);
#3261=EDGE_CURVE('',#1762,#1775,#1109,.T.);
#3263=EDGE_CURVE('',#1775,#1771,#1114,.T.);
#3265=EDGE_CURVE('',#1759,#1771,#1118,.T.);
#3267=EDGE_CURVE('',#1758,#1759,#1123,.T.);
#3269=EDGE_CURVE('',#1758,#1755,#1127,.T.);
#3279=EDGE_CURVE('',#1754,#1823,#1136,.T.);
#3282=EDGE_CURVE('',#1755,#1825,#1270,.T.);
#3284=EDGE_CURVE('',#1825,#1823,#1132,.T.);
#3295=EDGE_CURVE('',#1823,#1815,#1158,.T.);
#3297=EDGE_CURVE('',#1815,#1769,#1449,.T.);
#3308=EDGE_CURVE('',#1840,#1841,#1141,.T.);
#3311=EDGE_CURVE('',#1835,#1837,#1437,.T.);
#3313=EDGE_CURVE('',#1819,#1835,#1149,.T.);
#3315=EDGE_CURVE('',#1815,#1819,#1154,.T.);
#3319=EDGE_CURVE('',#1825,#1841,#1162,.T.);
#3323=EDGE_CURVE('',#1808,#1809,#1193,.T.);
#3325=EDGE_CURVE('',#1809,#1808,#1206,.T.);
#3335=EDGE_CURVE('',#1844,#1845,#1167,.T.);
#3337=EDGE_CURVE('',#1844,#1829,#1171,.T.);
#3339=EDGE_CURVE('',#1827,#1829,#1325,.T.);
#3341=EDGE_CURVE('',#1817,#1827,#1175,.T.);
#3343=EDGE_CURVE('',#1821,#1817,#1180,.T.);
#3345=EDGE_CURVE('',#1831,#1821,#1184,.T.);
#3347=EDGE_CURVE('',#1833,#1831,#1346,.T.);
#3352=EDGE_CURVE('',#1812,#1813,#1249,.T.);
#3354=EDGE_CURVE('',#1813,#1812,#1262,.T.);
#3364=EDGE_CURVE('',#1786,#1808,#1201,.T.);
#3366=EDGE_CURVE('',#1786,#1787,#1221,.T.);
#3368=EDGE_CURVE('',#1809,#1787,#1197,.T.);
#3380=EDGE_CURVE('',#1787,#1786,#1226,.T.);
#3392=EDGE_CURVE('',#1798,#1799,#1230,.T.);
#3394=EDGE_CURVE('',#1803,#1798,#1235,.T.);
#3396=EDGE_CURVE('',#1801,#1803,#1239,.T.);
#3405=EDGE_CURVE('',#1782,#1783,#1211,.T.);
#3407=EDGE_CURVE('',#1783,#1782,#1216,.T.);
#3417=EDGE_CURVE('',#1782,#1812,#1257,.T.);
#3420=EDGE_CURVE('',#1813,#1783,#1253,.T.);
#3443=EDGE_CURVE('',#1794,#1795,#1282,.T.);
#3445=EDGE_CURVE('',#1798,#1794,#1424,.T.);
#3457=EDGE_CURVE('',#1841,#1795,#1266,.T.);
#3462=EDGE_CURVE('',#1829,#1758,#1274,.T.);
#3465=EDGE_CURVE('',#1794,#1844,#1278,.T.);
#3489=EDGE_CURVE('',#1827,#1759,#1329,.T.);
#3503=EDGE_CURVE('',#1817,#1771,#1337,.T.);
#3514=EDGE_CURVE('',#1821,#1775,#1333,.T.);
#3527=EDGE_CURVE('',#1762,#1831,#1341,.T.);
#3553=EDGE_CURVE('',#1794,#1805,#1384,.T.);
#3567=EDGE_CURVE('',#1803,#1791,#1420,.T.);
#3593=EDGE_CURVE('',#1835,#1767,#1441,.T.);
#3607=EDGE_CURVE('',#1819,#1773,#1445,.T.);
#3625=CLOSED_SHELL('',(#1885,#1904,#1923,#1957,#1970,#1983,#2106,#2121,#2134,
#2150,#2165,#2178,#2292,#2305,#2318,#2331,#2344,#2357,#2370,#2383,#2396,#2409,
#2426,#2440,#2454,#2484,#2523,#2537,#2549,#2563,#2575,#2589,#2602,#2615,#2631,
#2644,#2657,#2670,#2685,#2698,#2711,#2724,#2737,#2750,#2763,#2776,#2789,#2802,
#2815,#2828,#2841,#2854,#2867,#2880,#2893,#2909,#2921,#2934,#2947,#2960,#2973,
#2992,#3005,#3018,#3030,#3043,#3059,#3073,#3085,#3098,#3111,#3124,#3137,#3150,
#3163,#3176,#3189,#3201,#3214,#3227,#3240,#3273,#3288,#3302,#3329,#3358,#3373,
#3386,#3411,#3425,#3437,#3451,#3470,#3482,#3495,#3508,#3521,#3534,#3546,#3559,
#3574,#3586,#3599,#3612,#3624));
#3626=MANIFOLD_SOLID_BREP('',#3625);
#3627=(LENGTH_UNIT()NAMED_UNIT(*)SI_UNIT(.MILLI.,.METRE.));
#3629=(NAMED_UNIT(*)PLANE_ANGLE_UNIT()SI_UNIT($,.RADIAN.));
#3632=(NAMED_UNIT(*)SI_UNIT($,.STERADIAN.)SOLID_ANGLE_UNIT());
#3635=ADVANCED_BREP_SHAPE_REPRESENTATION('',(#3626),#3634);
#3642=PRODUCT_DEFINITION('design','',#3641,#3638);
#3643=PRODUCT_DEFINITION_SHAPE('','SHAPE FOR 0001.',#3642);
#3644=SHAPE_DEFINITION_REPRESENTATION(#3643,#3635);
ENDSEC;
END-ISO-10303-21;
